Days;Net_DP1;Net_RV1;Net_DP8;Net_DP2;Net_DP3;Net_DP4;Net_DP6;Net_DP7;Net_Porfolio;Cum_Net_DP1;Cum_Net_RV1;Cum_Net_DP8;Cum_Net_DP2;Cum_Net_DP3;Cum_Net_DP4;Cum_Net_DP6;Cum_Net_DP7;Cum_Net_Porfolio;Total_DP1;Total_RV1;Total_DP8;Total_DP2;Total_DP3;Total_DP4;Total_DP6;Total_DP7;Total_Porfolio
2022-01-03;0.0;0.0;0.0;0.0;0.0;-362.5;0.0;0.0;-362.5;0.0;0.0;0.0;0.0;0.0;-362.5;0.0;0.0;-362.5;50000.0;50000.0;50000.0;50000.0;50000.0;49637.5;50000.0;50000.0;49637.5
2022-01-04;0.0;0.0;0.0;0.0;0.0;-15.0;0.0;0.0;-15.0;0.0;0.0;0.0;0.0;0.0;-377.5;0.0;0.0;-377.5;50000.0;50000.0;50000.0;50000.0;50000.0;49622.5;50000.0;50000.0;49622.5
2022-01-05;0.0;0.0;0.0;0.0;0.0;105.0;0.0;0.0;105.0;0.0;0.0;0.0;0.0;0.0;-272.5;0.0;0.0;-272.5;50000.0;50000.0;50000.0;50000.0;50000.0;49727.5;50000.0;50000.0;49727.5
2022-01-06;0.0;0.0;0.0;0.0;0.0;-285.0;0.0;0.0;-285.0;0.0;0.0;0.0;0.0;0.0;-557.5;0.0;0.0;-557.5;50000.0;50000.0;50000.0;50000.0;50000.0;49442.5;50000.0;50000.0;49442.5
2022-01-07;0.0;0.0;0.0;0.0;0.0;-525.0;0.0;0.0;-525.0;0.0;0.0;0.0;0.0;0.0;-1082.5;0.0;0.0;-1082.5;50000.0;50000.0;50000.0;50000.0;50000.0;48917.5;50000.0;50000.0;48917.5
2022-01-10;0.0;0.0;0.0;0.0;0.0;-405.0;0.0;0.0;-405.0;0.0;0.0;0.0;0.0;0.0;-1487.5;0.0;0.0;-1487.5;50000.0;50000.0;50000.0;50000.0;50000.0;48512.5;50000.0;50000.0;48512.5
2022-01-11;0.0;0.0;0.0;0.0;0.0;-225.0;0.0;0.0;-225.0;0.0;0.0;0.0;0.0;0.0;-1712.5;0.0;0.0;-1712.5;50000.0;50000.0;50000.0;50000.0;50000.0;48287.5;50000.0;50000.0;48287.5
2022-01-12;0.0;0.0;0.0;0.0;0.0;-150.0;0.0;0.0;-150.0;0.0;0.0;0.0;0.0;0.0;-1862.5;0.0;0.0;-1862.5;50000.0;50000.0;50000.0;50000.0;50000.0;48137.5;50000.0;50000.0;48137.5
2022-01-13;0.0;0.0;0.0;0.0;0.0;105.0;0.0;0.0;105.0;0.0;0.0;0.0;0.0;0.0;-1757.5;0.0;0.0;-1757.5;50000.0;50000.0;50000.0;50000.0;50000.0;48242.5;50000.0;50000.0;48242.5
2022-01-14;0.0;0.0;0.0;0.0;0.0;690.0;0.0;0.0;690.0;0.0;0.0;0.0;0.0;0.0;-1067.5;0.0;0.0;-1067.5;50000.0;50000.0;50000.0;50000.0;50000.0;48932.5;50000.0;50000.0;48932.5
2022-01-17;0.0;0.0;0.0;0.0;0.0;120.0;0.0;0.0;120.0;0.0;0.0;0.0;0.0;0.0;-947.5;0.0;0.0;-947.5;50000.0;50000.0;50000.0;50000.0;50000.0;49052.5;50000.0;50000.0;49052.5
2022-01-18;0.0;0.0;0.0;0.0;0.0;-305.0;0.0;0.0;-305.0;0.0;0.0;0.0;0.0;0.0;-1252.5;0.0;0.0;-1252.5;50000.0;50000.0;50000.0;50000.0;50000.0;48747.5;50000.0;50000.0;48747.5
2022-01-19;0.0;0.0;0.0;0.0;0.0;345.0;0.0;0.0;345.0;0.0;0.0;0.0;0.0;0.0;-907.5;0.0;0.0;-907.5;50000.0;50000.0;50000.0;50000.0;50000.0;49092.5;50000.0;50000.0;49092.5
2022-01-20;0.0;0.0;0.0;0.0;0.0;-405.0;0.0;0.0;-405.0;0.0;0.0;0.0;0.0;0.0;-1312.5;0.0;0.0;-1312.5;50000.0;50000.0;50000.0;50000.0;50000.0;48687.5;50000.0;50000.0;48687.5
2022-01-21;0.0;0.0;0.0;0.0;0.0;-390.0;0.0;0.0;-390.0;0.0;0.0;0.0;0.0;0.0;-1702.5;0.0;0.0;-1702.5;50000.0;50000.0;50000.0;50000.0;50000.0;48297.5;50000.0;50000.0;48297.5
2022-01-24;0.0;0.0;0.0;0.0;0.0;-920.0;0.0;0.0;-920.0;0.0;0.0;0.0;0.0;0.0;-2622.5;0.0;0.0;-2622.5;50000.0;50000.0;50000.0;50000.0;50000.0;47377.5;50000.0;50000.0;47377.5
2022-01-25;0.0;0.0;0.0;0.0;0.0;330.0;0.0;0.0;330.0;0.0;0.0;0.0;0.0;0.0;-2292.5;0.0;0.0;-2292.5;50000.0;50000.0;50000.0;50000.0;50000.0;47707.5;50000.0;50000.0;47707.5
2022-01-26;0.0;0.0;0.0;0.0;0.0;997.5;0.0;0.0;997.5;0.0;0.0;0.0;0.0;0.0;-1295.0;0.0;0.0;-1295.0;50000.0;50000.0;50000.0;50000.0;50000.0;48705.0;50000.0;50000.0;48705.0
2022-01-27;0.0;0.0;0.0;0.0;0.0;320.0;0.0;0.0;320.0;0.0;0.0;0.0;0.0;0.0;-975.0;0.0;0.0;-975.0;50000.0;50000.0;50000.0;50000.0;50000.0;49025.0;50000.0;50000.0;49025.0
2022-01-28;0.0;0.0;0.0;0.0;0.0;410.0;0.0;0.0;410.0;0.0;0.0;0.0;0.0;0.0;-565.0;0.0;0.0;-565.0;50000.0;50000.0;50000.0;50000.0;50000.0;49435.0;50000.0;50000.0;49435.0
2022-01-31;0.0;0.0;0.0;0.0;0.0;600.0;0.0;0.0;600.0;0.0;0.0;0.0;0.0;0.0;35.0;0.0;0.0;35.0;50000.0;50000.0;50000.0;50000.0;50000.0;50035.0;50000.0;50000.0;50035.0
2022-02-01;0.0;0.0;0.0;0.0;0.0;225.0;0.0;0.0;225.0;0.0;0.0;0.0;0.0;0.0;260.0;0.0;0.0;260.0;50000.0;50000.0;50000.0;50000.0;50000.0;50260.0;50000.0;50000.0;50260.0
2022-02-02;0.0;0.0;0.0;0.0;0.0;-285.0;0.0;0.0;-285.0;0.0;0.0;0.0;0.0;0.0;-25.0;0.0;0.0;-25.0;50000.0;50000.0;50000.0;50000.0;50000.0;49975.0;50000.0;50000.0;49975.0
2022-02-03;0.0;0.0;0.0;0.0;0.0;-460.0;0.0;0.0;-460.0;0.0;0.0;0.0;0.0;0.0;-485.0;0.0;0.0;-485.0;50000.0;50000.0;50000.0;50000.0;50000.0;49515.0;50000.0;50000.0;49515.0
2022-02-04;0.0;0.0;0.0;0.0;0.0;-45.0;0.0;0.0;-45.0;0.0;0.0;0.0;0.0;0.0;-530.0;0.0;0.0;-530.0;50000.0;50000.0;50000.0;50000.0;50000.0;49470.0;50000.0;50000.0;49470.0
2022-02-07;0.0;0.0;0.0;0.0;0.0;345.0;0.0;0.0;345.0;0.0;0.0;0.0;0.0;0.0;-185.0;0.0;0.0;-185.0;50000.0;50000.0;50000.0;50000.0;50000.0;49815.0;50000.0;50000.0;49815.0
2022-02-08;0.0;0.0;0.0;0.0;0.0;-260.0;0.0;0.0;-260.0;0.0;0.0;0.0;0.0;0.0;-445.0;0.0;0.0;-445.0;50000.0;50000.0;50000.0;50000.0;50000.0;49555.0;50000.0;50000.0;49555.0
2022-02-09;0.0;0.0;0.0;0.0;0.0;57.5;0.0;0.0;57.5;0.0;0.0;0.0;0.0;0.0;-387.5;0.0;0.0;-387.5;50000.0;50000.0;50000.0;50000.0;50000.0;49612.5;50000.0;50000.0;49612.5
2022-02-10;0.0;0.0;0.0;0.0;0.0;-390.0;0.0;0.0;-390.0;0.0;0.0;0.0;0.0;0.0;-777.5;0.0;0.0;-777.5;50000.0;50000.0;50000.0;50000.0;50000.0;49222.5;50000.0;50000.0;49222.5
2022-02-11;0.0;0.0;0.0;0.0;0.0;-405.0;0.0;0.0;-405.0;0.0;0.0;0.0;0.0;0.0;-1182.5;0.0;0.0;-1182.5;50000.0;50000.0;50000.0;50000.0;50000.0;48817.5;50000.0;50000.0;48817.5
2022-02-14;0.0;0.0;0.0;0.0;0.0;-150.0;0.0;0.0;-150.0;0.0;0.0;0.0;0.0;0.0;-1332.5;0.0;0.0;-1332.5;50000.0;50000.0;50000.0;50000.0;50000.0;48667.5;50000.0;50000.0;48667.5
2022-02-15;0.0;0.0;0.0;0.0;0.0;202.5;0.0;0.0;202.5;0.0;0.0;0.0;0.0;0.0;-1130.0;0.0;0.0;-1130.0;50000.0;50000.0;50000.0;50000.0;50000.0;48870.0;50000.0;50000.0;48870.0
2022-02-16;0.0;0.0;0.0;0.0;0.0;480.0;0.0;0.0;480.0;0.0;0.0;0.0;0.0;0.0;-650.0;0.0;0.0;-650.0;50000.0;50000.0;50000.0;50000.0;50000.0;49350.0;50000.0;50000.0;49350.0
2022-02-17;0.0;0.0;0.0;0.0;0.0;-150.0;0.0;0.0;-150.0;0.0;0.0;0.0;0.0;0.0;-800.0;0.0;0.0;-800.0;50000.0;50000.0;50000.0;50000.0;50000.0;49200.0;50000.0;50000.0;49200.0
2022-02-18;0.0;0.0;0.0;0.0;0.0;-92.5;0.0;0.0;-92.5;0.0;0.0;0.0;0.0;0.0;-892.5;0.0;0.0;-892.5;50000.0;50000.0;50000.0;50000.0;50000.0;49107.5;50000.0;50000.0;49107.5
2022-02-21;0.0;0.0;0.0;0.0;0.0;-405.0;0.0;0.0;-405.0;0.0;0.0;0.0;0.0;0.0;-1297.5;0.0;0.0;-1297.5;50000.0;50000.0;50000.0;50000.0;50000.0;48702.5;50000.0;50000.0;48702.5
2022-02-22;0.0;0.0;0.0;0.0;0.0;-165.0;0.0;0.0;-165.0;0.0;0.0;0.0;0.0;0.0;-1462.5;0.0;0.0;-1462.5;50000.0;50000.0;50000.0;50000.0;50000.0;48537.5;50000.0;50000.0;48537.5
2022-02-23;0.0;0.0;0.0;0.0;0.0;-150.0;0.0;0.0;-150.0;0.0;0.0;0.0;0.0;0.0;-1612.5;0.0;0.0;-1612.5;50000.0;50000.0;50000.0;50000.0;50000.0;48387.5;50000.0;50000.0;48387.5
2022-02-24;0.0;0.0;0.0;0.0;0.0;-1185.0;0.0;0.0;-1185.0;0.0;0.0;0.0;0.0;0.0;-2797.5;0.0;0.0;-2797.5;50000.0;50000.0;50000.0;50000.0;50000.0;47202.5;50000.0;50000.0;47202.5
2022-02-25;0.0;0.0;0.0;0.0;0.0;90.0;0.0;0.0;90.0;0.0;0.0;0.0;0.0;0.0;-2707.5;0.0;0.0;-2707.5;50000.0;50000.0;50000.0;50000.0;50000.0;47292.5;50000.0;50000.0;47292.5
2022-02-28;0.0;0.0;0.0;0.0;0.0;325.0;0.0;0.0;325.0;0.0;0.0;0.0;0.0;0.0;-2382.5;0.0;0.0;-2382.5;50000.0;50000.0;50000.0;50000.0;50000.0;47617.5;50000.0;50000.0;47617.5
2022-03-01;0.0;0.0;0.0;0.0;0.0;-30.0;0.0;0.0;-30.0;0.0;0.0;0.0;0.0;0.0;-2412.5;0.0;0.0;-2412.5;50000.0;50000.0;50000.0;50000.0;50000.0;47587.5;50000.0;50000.0;47587.5
2022-03-02;0.0;0.0;0.0;0.0;0.0;90.0;0.0;0.0;90.0;0.0;0.0;0.0;0.0;0.0;-2322.5;0.0;0.0;-2322.5;50000.0;50000.0;50000.0;50000.0;50000.0;47677.5;50000.0;50000.0;47677.5
2022-03-03;0.0;0.0;0.0;0.0;0.0;-765.0;0.0;0.0;-765.0;0.0;0.0;0.0;0.0;0.0;-3087.5;0.0;0.0;-3087.5;50000.0;50000.0;50000.0;50000.0;50000.0;46912.5;50000.0;50000.0;46912.5
2022-03-04;0.0;0.0;0.0;0.0;0.0;-165.0;0.0;0.0;-165.0;0.0;0.0;0.0;0.0;0.0;-3252.5;0.0;0.0;-3252.5;50000.0;50000.0;50000.0;50000.0;50000.0;46747.5;50000.0;50000.0;46747.5
2022-03-07;0.0;0.0;0.0;0.0;0.0;592.5;0.0;0.0;592.5;0.0;0.0;0.0;0.0;0.0;-2660.0;0.0;0.0;-2660.0;50000.0;50000.0;50000.0;50000.0;50000.0;47340.0;50000.0;50000.0;47340.0
2022-03-08;0.0;0.0;0.0;0.0;0.0;330.0;0.0;0.0;330.0;0.0;0.0;0.0;0.0;0.0;-2330.0;0.0;0.0;-2330.0;50000.0;50000.0;50000.0;50000.0;50000.0;47670.0;50000.0;50000.0;47670.0
2022-03-09;0.0;0.0;0.0;0.0;0.0;-60.0;0.0;0.0;-60.0;0.0;0.0;0.0;0.0;0.0;-2390.0;0.0;0.0;-2390.0;50000.0;50000.0;50000.0;50000.0;50000.0;47610.0;50000.0;50000.0;47610.0
2022-03-10;0.0;0.0;0.0;0.0;0.0;720.0;0.0;0.0;720.0;0.0;0.0;0.0;0.0;0.0;-1670.0;0.0;0.0;-1670.0;50000.0;50000.0;50000.0;50000.0;50000.0;48330.0;50000.0;50000.0;48330.0
2022-03-11;0.0;0.0;0.0;0.0;0.0;-30.0;0.0;0.0;-30.0;0.0;0.0;0.0;0.0;0.0;-1700.0;0.0;0.0;-1700.0;50000.0;50000.0;50000.0;50000.0;50000.0;48300.0;50000.0;50000.0;48300.0
2022-03-14;0.0;0.0;0.0;0.0;0.0;-300.0;0.0;0.0;-300.0;0.0;0.0;0.0;0.0;0.0;-2000.0;0.0;0.0;-2000.0;50000.0;50000.0;50000.0;50000.0;50000.0;48000.0;50000.0;50000.0;48000.0
2022-03-15;0.0;0.0;0.0;0.0;0.0;50.0;0.0;0.0;50.0;0.0;0.0;0.0;0.0;0.0;-1950.0;0.0;0.0;-1950.0;50000.0;50000.0;50000.0;50000.0;50000.0;48050.0;50000.0;50000.0;48050.0
2022-03-16;0.0;0.0;0.0;0.0;0.0;-40.0;0.0;0.0;-40.0;0.0;0.0;0.0;0.0;0.0;-1990.0;0.0;0.0;-1990.0;50000.0;50000.0;50000.0;50000.0;50000.0;48010.0;50000.0;50000.0;48010.0
2022-03-17;0.0;0.0;0.0;0.0;0.0;-285.0;0.0;0.0;-285.0;0.0;0.0;0.0;0.0;0.0;-2275.0;0.0;0.0;-2275.0;50000.0;50000.0;50000.0;50000.0;50000.0;47725.0;50000.0;50000.0;47725.0
2022-03-18;0.0;0.0;0.0;0.0;0.0;225.0;0.0;0.0;225.0;0.0;0.0;0.0;0.0;0.0;-2050.0;0.0;0.0;-2050.0;50000.0;50000.0;50000.0;50000.0;50000.0;47950.0;50000.0;50000.0;47950.0
2022-03-21;0.0;0.0;0.0;0.0;0.0;-702.5;0.0;0.0;-702.5;0.0;0.0;0.0;0.0;0.0;-2752.5;0.0;0.0;-2752.5;50000.0;50000.0;50000.0;50000.0;50000.0;47247.5;50000.0;50000.0;47247.5
2022-03-22;0.0;0.0;0.0;0.0;0.0;345.0;0.0;0.0;345.0;0.0;0.0;0.0;0.0;0.0;-2407.5;0.0;0.0;-2407.5;50000.0;50000.0;50000.0;50000.0;50000.0;47592.5;50000.0;50000.0;47592.5
2022-03-23;0.0;0.0;0.0;0.0;0.0;-15.0;0.0;0.0;-15.0;0.0;0.0;0.0;0.0;0.0;-2422.5;0.0;0.0;-2422.5;50000.0;50000.0;50000.0;50000.0;50000.0;47577.5;50000.0;50000.0;47577.5
2022-03-24;0.0;0.0;0.0;0.0;0.0;-270.0;0.0;0.0;-270.0;0.0;0.0;0.0;0.0;0.0;-2692.5;0.0;0.0;-2692.5;50000.0;50000.0;50000.0;50000.0;50000.0;47307.5;50000.0;50000.0;47307.5
2022-03-25;0.0;0.0;0.0;0.0;0.0;-645.0;0.0;0.0;-645.0;0.0;0.0;0.0;0.0;0.0;-3337.5;0.0;0.0;-3337.5;50000.0;50000.0;50000.0;50000.0;50000.0;46662.5;50000.0;50000.0;46662.5
2022-03-28;0.0;0.0;0.0;0.0;0.0;360.0;0.0;0.0;360.0;0.0;0.0;0.0;0.0;0.0;-2977.5;0.0;0.0;-2977.5;50000.0;50000.0;50000.0;50000.0;50000.0;47022.5;50000.0;50000.0;47022.5
2022-03-29;0.0;0.0;0.0;0.0;0.0;-30.0;0.0;0.0;-30.0;0.0;0.0;0.0;0.0;0.0;-3007.5;0.0;0.0;-3007.5;50000.0;50000.0;50000.0;50000.0;50000.0;46992.5;50000.0;50000.0;46992.5
2022-03-30;0.0;0.0;0.0;0.0;0.0;295.0;0.0;0.0;295.0;0.0;0.0;0.0;0.0;0.0;-2712.5;0.0;0.0;-2712.5;50000.0;50000.0;50000.0;50000.0;50000.0;47287.5;50000.0;50000.0;47287.5
2022-03-31;0.0;0.0;0.0;0.0;0.0;240.0;0.0;0.0;240.0;0.0;0.0;0.0;0.0;0.0;-2472.5;0.0;0.0;-2472.5;50000.0;50000.0;50000.0;50000.0;50000.0;47527.5;50000.0;50000.0;47527.5
2022-04-01;0.0;0.0;0.0;0.0;0.0;-540.0;0.0;0.0;-540.0;0.0;0.0;0.0;0.0;0.0;-3012.5;0.0;0.0;-3012.5;50000.0;50000.0;50000.0;50000.0;50000.0;46987.5;50000.0;50000.0;46987.5
2022-04-03;0.0;0.0;0.0;0.0;0.0;120.0;0.0;95.0;215.0;0.0;0.0;0.0;0.0;0.0;-2892.5;0.0;95.0;-2797.5;50000.0;50000.0;50000.0;50000.0;50000.0;47107.5;50000.0;50095.0;47202.5
2022-04-04;90.0;0.0;-150.0;-172.5;-20.0;-525.0;0.0;267.5;-510.0;90.0;0.0;-150.0;-172.5;-20.0;-3417.5;0.0;362.5;-3307.5;50090.0;50000.0;49850.0;49827.5;49980.0;46582.5;50000.0;50362.5;46692.5
2022-04-05;-27.5;0.0;-150.0;-202.5;-20.0;-270.0;0.0;252.5;-417.5;62.5;0.0;-300.0;-375.0;-40.0;-3687.5;0.0;615.0;-3725.0;50062.5;50000.0;49700.0;49625.0;49960.0;46312.5;50000.0;50615.0;46275.0
2022-04-06;465.0;0.0;-147.5;290.0;100.0;402.5;0.0;-250.0;860.0;527.5;0.0;-447.5;-85.0;60.0;-3285.0;0.0;365.0;-2865.0;50527.5;50000.0;49552.5;49915.0;50060.0;46715.0;50000.0;50365.0;47135.0
2022-04-07;-220.0;0.0;105.0;-132.5;-140.0;-15.0;0.0;-40.0;-442.5;307.5;0.0;-342.5;-217.5;-80.0;-3300.0;0.0;325.0;-3307.5;50307.5;50000.0;49657.5;49782.5;49920.0;46700.0;50000.0;50325.0;46692.5
2022-04-08;237.5;0.0;225.0;325.0;480.0;105.0;0.0;0.0;1372.5;545.0;0.0;-117.5;107.5;400.0;-3195.0;0.0;325.0;-1935.0;50545.0;50000.0;49882.5;50107.5;50400.0;46805.0;50000.0;50325.0;48065.0
2022-04-10;-230.0;0.0;0.0;-317.5;0.0;0.0;0.0;0.0;-547.5;315.0;0.0;-117.5;-210.0;400.0;-3195.0;0.0;325.0;-2482.5;50315.0;50000.0;49882.5;49790.0;50400.0;46805.0;50000.0;50325.0;47517.5
2022-04-11;205.0;0.0;-775.0;260.0;457.5;-285.0;0.0;37.5;-100.0;520.0;0.0;-892.5;50.0;857.5;-3480.0;0.0;362.5;-2582.5;50520.0;50000.0;49107.5;50050.0;50857.5;46520.0;50000.0;50362.5;47417.5
2022-04-12;455.0;0.0;210.0;630.0;-40.0;-165.0;0.0;-152.5;937.5;975.0;0.0;-682.5;680.0;817.5;-3645.0;0.0;210.0;-1645.0;50975.0;50000.0;49317.5;50680.0;50817.5;46355.0;50000.0;50210.0;48355.0
2022-04-13;580.0;0.0;330.0;1192.5;960.0;585.0;0.0;-27.5;3620.0;1555.0;0.0;-352.5;1872.5;1777.5;-3060.0;0.0;182.5;1975.0;51555.0;50000.0;49647.5;51872.5;51777.5;46940.0;50000.0;50182.5;51975.0
2022-04-14;-162.5;0.0;-10.0;-450.0;-255.0;-30.0;0.0;-282.5;-1190.0;1392.5;0.0;-362.5;1422.5;1522.5;-3090.0;0.0;-100.0;785.0;51392.5;50000.0;49637.5;51422.5;51522.5;46910.0;50000.0;49900.0;50785.0
2022-04-17;120.0;0.0;0.0;120.0;0.0;0.0;0.0;0.0;240.0;1512.5;0.0;-362.5;1542.5;1522.5;-3090.0;0.0;-100.0;1025.0;51512.5;50000.0;49637.5;51542.5;51522.5;46910.0;50000.0;49900.0;51025.0
2022-04-18;-350.0;0.0;10.0;-200.0;70.0;-30.0;0.0;-410.0;-910.0;1162.5;0.0;-352.5;1342.5;1592.5;-3120.0;0.0;-510.0;115.0;51162.5;50000.0;49647.5;51342.5;51592.5;46880.0;50000.0;49490.0;50115.0
2022-04-19;112.5;0.0;695.0;-87.5;872.5;997.5;0.0;-47.5;2542.5;1275.0;0.0;342.5;1255.0;2465.0;-2122.5;0.0;-557.5;2657.5;51275.0;50000.0;50342.5;51255.0;52465.0;47877.5;50000.0;49442.5;52657.5
2022-04-20;702.5;0.0;887.5;502.5;912.5;912.5;0.0;-202.5;3715.0;1977.5;0.0;1230.0;1757.5;3377.5;-1210.0;0.0;-760.0;6372.5;51977.5;50000.0;51230.0;51757.5;53377.5;48790.0;50000.0;49240.0;56372.5
2022-04-21;1072.5;0.0;195.0;810.0;-420.0;-45.0;0.0;1182.5;2795.0;3050.0;0.0;1425.0;2567.5;2957.5;-1255.0;0.0;422.5;9167.5;53050.0;50000.0;51425.0;52567.5;52957.5;48745.0;50000.0;50422.5;59167.5
2022-04-22;-162.5;0.0;-300.0;-162.5;100.0;-30.0;0.0;-380.0;-935.0;2887.5;0.0;1125.0;2405.0;3057.5;-1285.0;0.0;42.5;8232.5;52887.5;50000.0;51125.0;52405.0;53057.5;48715.0;50000.0;50042.5;58232.5
2022-04-24;0.0;0.0;0.0;0.0;0.0;0.0;0.0;207.5;207.5;2887.5;0.0;1125.0;2405.0;3057.5;-1285.0;0.0;250.0;8440.0;52887.5;50000.0;51125.0;52405.0;53057.5;48715.0;50000.0;50250.0;58440.0
2022-04-25;200.0;0.0;307.5;112.5;-20.0;230.0;0.0;-415.0;415.0;3087.5;0.0;1432.5;2517.5;3037.5;-1055.0;0.0;-165.0;8855.0;53087.5;50000.0;51432.5;52517.5;53037.5;48945.0;50000.0;49835.0;58855.0
2022-04-26;-635.0;0.0;330.0;-635.0;-660.0;-285.0;0.0;-62.5;-1947.5;2452.5;0.0;1762.5;1882.5;2377.5;-1340.0;0.0;-227.5;6907.5;52452.5;50000.0;51762.5;51882.5;52377.5;48660.0;50000.0;49772.5;56907.5
2022-04-27;-1440.0;0.0;-1455.0;-1177.5;-1177.5;-915.0;0.0;197.5;-5967.5;1012.5;0.0;307.5;705.0;1200.0;-2255.0;0.0;-30.0;940.0;51012.5;50000.0;50307.5;50705.0;51200.0;47745.0;50000.0;49970.0;50940.0
2022-04-28;335.0;0.0;-305.0;422.5;840.0;90.0;0.0;307.5;1690.0;1347.5;0.0;2.5;1127.5;2040.0;-2165.0;0.0;277.5;2630.0;51347.5;50000.0;50002.5;51127.5;52040.0;47835.0;50000.0;50277.5;52630.0
2022-04-29;180.0;0.0;-210.0;30.0;-2.5;372.5;0.0;780.0;1150.0;1527.5;0.0;-207.5;1157.5;2037.5;-1792.5;0.0;1057.5;3780.0;51527.5;50000.0;49792.5;51157.5;52037.5;48207.5;50000.0;51057.5;53780.0
2022-05-01;-230.0;0.0;-255.0;-317.5;0.0;0.0;0.0;0.0;-802.5;1297.5;0.0;-462.5;840.0;2037.5;-1792.5;0.0;1057.5;2977.5;51297.5;50000.0;49537.5;50840.0;52037.5;48207.5;50000.0;51057.5;52977.5
2022-05-02;530.0;0.0;157.5;530.0;460.0;-45.0;0.0;-317.5;1315.0;1827.5;0.0;-305.0;1370.0;2497.5;-1837.5;0.0;740.0;4292.5;51827.5;50000.0;49695.0;51370.0;52497.5;48162.5;50000.0;50740.0;54292.5
2022-05-03;112.5;0.0;255.0;367.5;220.0;345.0;0.0;205.0;1505.0;1940.0;0.0;-50.0;1737.5;2717.5;-1492.5;0.0;945.0;5797.5;51940.0;50000.0;49950.0;51737.5;52717.5;48507.5;50000.0;50945.0;55797.5
2022-05-04;-480.0;0.0;232.5;-605.0;-20.0;225.0;0.0;662.5;15.0;1460.0;0.0;182.5;1132.5;2697.5;-1267.5;0.0;1607.5;5812.5;51460.0;50000.0;50182.5;51132.5;52697.5;48732.5;50000.0;51607.5;55812.5
2022-05-05;-120.0;0.0;-320.0;-345.0;-1137.5;-800.0;0.0;175.0;-2547.5;1340.0;0.0;-137.5;787.5;1560.0;-2067.5;0.0;1782.5;3265.0;51340.0;50000.0;49862.5;50787.5;51560.0;47932.5;50000.0;51782.5;53265.0
2022-05-06;1330.0;0.0;705.0;1242.5;-140.0;-15.0;0.0;470.0;3592.5;2670.0;0.0;567.5;2030.0;1420.0;-2082.5;0.0;2252.5;6857.5;52670.0;50000.0;50567.5;52030.0;51420.0;47917.5;50000.0;52252.5;56857.5
2022-05-08;360.0;0.0;240.0;360.0;0.0;0.0;0.0;0.0;960.0;3030.0;0.0;807.5;2390.0;1420.0;-2082.5;0.0;2252.5;7817.5;53030.0;50000.0;50807.5;52390.0;51420.0;47917.5;50000.0;52252.5;57817.5
2022-05-09;1675.0;0.0;1435.0;1800.0;720.0;595.0;0.0;-742.5;5482.5;4705.0;0.0;2242.5;4190.0;2140.0;-1487.5;0.0;1510.0;13300.0;54705.0;50000.0;52242.5;54190.0;52140.0;48512.5;50000.0;51510.0;63300.0
2022-05-10;597.5;0.0;435.0;72.5;-300.0;75.0;0.0;47.5;927.5;5302.5;0.0;2677.5;4262.5;1840.0;-1412.5;0.0;1557.5;14227.5;55302.5;50000.0;52677.5;54262.5;51840.0;48587.5;50000.0;51557.5;64227.5
2022-05-11;355.0;0.0;447.5;530.0;-40.0;460.0;0.0;515.0;2267.5;5657.5;0.0;3125.0;4792.5;1800.0;-952.5;0.0;2072.5;16495.0;55657.5;50000.0;53125.0;54792.5;51800.0;49047.5;50000.0;52072.5;66495.0
2022-05-12;165.0;0.0;295.0;-147.5;292.5;205.0;0.0;-335.0;475.0;5822.5;0.0;3420.0;4645.0;2092.5;-747.5;0.0;1737.5;16970.0;55822.5;50000.0;53420.0;54645.0;52092.5;49252.5;50000.0;51737.5;66970.0
2022-05-13;395.0;0.0;445.0;545.0;475.0;475.0;0.0;652.5;2987.5;6217.5;0.0;3865.0;5190.0;2567.5;-272.5;0.0;2390.0;19957.5;56217.5;50000.0;53865.0;55190.0;52567.5;49727.5;50000.0;52390.0;69957.5
2022-05-16;-715.0;0.0;-1050.0;-802.5;220.0;-405.0;0.0;60.0;-2692.5;5502.5;0.0;2815.0;4387.5;2787.5;-677.5;0.0;2450.0;17265.0;55502.5;50000.0;52815.0;54387.5;52787.5;49322.5;50000.0;52450.0;67265.0
2022-05-17;-572.5;0.0;-387.5;-1072.5;-605.0;-105.0;0.0;-250.0;-2992.5;4930.0;0.0;2427.5;3315.0;2182.5;-782.5;0.0;2200.0;14272.5;54930.0;50000.0;52427.5;53315.0;52182.5;49217.5;50000.0;52200.0;64272.5
2022-05-18;-1115.0;0.0;-975.0;-677.5;360.0;-15.0;0.0;445.0;-1977.5;3815.0;0.0;1452.5;2637.5;2542.5;-797.5;0.0;2645.0;12295.0;53815.0;50000.0;51452.5;52637.5;52542.5;49202.5;50000.0;52645.0;62295.0
2022-05-19;60.0;0.0;45.0;-302.5;200.0;450.0;0.0;-1730.0;-1277.5;3875.0;0.0;1497.5;2335.0;2742.5;-347.5;0.0;915.0;11017.5;53875.0;50000.0;51497.5;52335.0;52742.5;49652.5;50000.0;50915.0;61017.5
2022-05-20;1427.5;0.0;1512.5;1777.5;797.5;797.5;0.0;380.0;6692.5;5302.5;0.0;3010.0;4112.5;3540.0;450.0;0.0;1295.0;17710.0;55302.5;50000.0;53010.0;54112.5;53540.0;50450.0;50000.0;51295.0;67710.0
2022-05-22;-230.0;0.0;-255.0;-317.5;0.0;0.0;0.0;0.0;-802.5;5072.5;0.0;2755.0;3795.0;3540.0;450.0;0.0;1295.0;16907.5;55072.5;50000.0;52755.0;53795.0;53540.0;50450.0;50000.0;51295.0;66907.5
2022-05-23;650.0;0.0;550.0;650.0;1200.0;825.0;0.0;-337.5;3537.5;5722.5;0.0;3305.0;4445.0;4740.0;1275.0;0.0;957.5;20445.0;55722.5;50000.0;53305.0;54445.0;54740.0;51275.0;50000.0;50957.5;70445.0
2022-05-24;625.0;0.0;75.0;1150.0;220.0;345.0;0.0;-690.0;1725.0;6347.5;0.0;3380.0;5595.0;4960.0;1620.0;0.0;267.5;22170.0;56347.5;50000.0;53380.0;55595.0;54960.0;51620.0;50000.0;50267.5;72170.0
2022-05-25;-852.5;0.0;-75.0;-1017.5;-780.0;-285.0;0.0;-375.0;-3385.0;5495.0;0.0;3305.0;4577.5;4180.0;1335.0;0.0;-107.5;18785.0;55495.0;50000.0;53305.0;54577.5;54180.0;51335.0;50000.0;49892.5;68785.0
2022-05-26;-727.5;0.0;-690.0;-1277.5;-280.0;-30.0;0.0;-347.5;-3352.5;4767.5;0.0;2615.0;3300.0;3900.0;1305.0;0.0;-455.0;15432.5;54767.5;50000.0;52615.0;53300.0;53900.0;51305.0;50000.0;49545.0;65432.5
2022-05-27;-425.0;0.0;-675.0;-500.0;-160.0;90.0;0.0;-460.0;-2130.0;4342.5;0.0;1940.0;2800.0;3740.0;1395.0;0.0;-915.0;13302.5;54342.5;50000.0;51940.0;52800.0;53740.0;51395.0;50000.0;49085.0;63302.5
2022-05-29;240.0;0.0;0.0;240.0;0.0;0.0;0.0;145.0;625.0;4582.5;0.0;1940.0;3040.0;3740.0;1395.0;0.0;-770.0;13927.5;54582.5;50000.0;51940.0;53040.0;53740.0;51395.0;50000.0;49230.0;63927.5
2022-05-30;200.0;0.0;90.0;-62.5;120.0;120.0;0.0;332.5;800.0;4782.5;0.0;2030.0;2977.5;3860.0;1515.0;0.0;-437.5;14727.5;54782.5;50000.0;52030.0;52977.5;53860.0;51515.0;50000.0;49562.5;64727.5
2022-05-31;-1230.0;0.0;-1200.0;-1700.0;-1540.0;-915.0;0.0;-277.5;-6862.5;3552.5;0.0;830.0;1277.5;2320.0;600.0;0.0;-715.0;7865.0;53552.5;50000.0;50830.0;51277.5;52320.0;50600.0;50000.0;49285.0;57865.0
2022-06-01;430.0;0.0;210.0;605.0;220.0;-30.0;0.0;692.5;2127.5;3982.5;0.0;1040.0;1882.5;2540.0;570.0;0.0;-22.5;9992.5;53982.5;50000.0;51040.0;51882.5;52540.0;50570.0;50000.0;49977.5;59992.5
2022-06-02;-342.5;0.0;-450.0;-755.0;-400.0;-150.0;0.0;-82.5;-2180.0;3640.0;0.0;590.0;1127.5;2140.0;420.0;0.0;-105.0;7812.5;53640.0;50000.0;50590.0;51127.5;52140.0;50420.0;50000.0;49895.0;57812.5
2022-06-03;-397.5;0.0;-270.0;-747.5;-520.0;-270.0;0.0;407.5;-1797.5;3242.5;0.0;320.0;380.0;1620.0;150.0;0.0;302.5;6015.0;53242.5;50000.0;50320.0;50380.0;51620.0;50150.0;50000.0;50302.5;56015.0
2022-06-06;-472.5;0.0;-437.5;-710.0;-780.0;-405.0;0.0;310.0;-2495.0;2770.0;0.0;-117.5;-330.0;840.0;-255.0;0.0;612.5;3520.0;52770.0;50000.0;49882.5;49670.0;50840.0;49745.0;50000.0;50612.5;53520.0
2022-06-07;407.5;0.0;722.5;-150.0;520.0;520.0;0.0;-342.5;1677.5;3177.5;0.0;605.0;-480.0;1360.0;265.0;0.0;270.0;5197.5;53177.5;50000.0;50605.0;49520.0;51360.0;50265.0;50000.0;50270.0;55197.5
2022-06-08;530.0;0.0;1185.0;1492.5;1200.0;825.0;0.0;22.5;5255.0;3707.5;0.0;1790.0;1012.5;2560.0;1090.0;0.0;292.5;10452.5;53707.5;50000.0;51790.0;51012.5;52560.0;51090.0;50000.0;50292.5;60452.5
2022-06-09;-190.0;0.0;-435.0;-627.5;-1420.0;-795.0;0.0;-215.0;-3682.5;3517.5;0.0;1355.0;385.0;1140.0;295.0;0.0;77.5;6770.0;53517.5;50000.0;51355.0;50385.0;51140.0;50295.0;50000.0;50077.5;56770.0
2022-06-10;270.0;0.0;450.0;445.0;220.0;345.0;0.0;-47.5;1682.5;3787.5;0.0;1805.0;830.0;1360.0;640.0;0.0;30.0;8452.5;53787.5;50000.0;51805.0;50830.0;51360.0;50640.0;50000.0;50030.0;58452.5
2022-06-12;120.0;0.0;120.0;120.0;0.0;0.0;0.0;0.0;360.0;3907.5;0.0;1925.0;950.0;1360.0;640.0;0.0;30.0;8812.5;53907.5;50000.0;51925.0;50950.0;51360.0;50640.0;50000.0;50030.0;58812.5
2022-06-13;-327.5;0.0;-747.5;-190.0;-700.0;-450.0;0.0;437.5;-1977.5;3580.0;0.0;1177.5;760.0;660.0;190.0;0.0;467.5;6835.0;53580.0;50000.0;51177.5;50760.0;50660.0;50190.0;50000.0;50467.5;56835.0
2022-06-14;-800.0;0.0;-690.0;-537.5;-40.0;-540.0;0.0;82.5;-2525.0;2780.0;0.0;487.5;222.5;620.0;-350.0;0.0;550.0;4310.0;52780.0;50000.0;50487.5;50222.5;50620.0;49650.0;50000.0;50550.0;54310.0
2022-06-15;395.0;0.0;295.0;-267.5;460.0;460.0;0.0;97.5;1440.0;3175.0;0.0;782.5;-45.0;1080.0;110.0;0.0;647.5;5750.0;53175.0;50000.0;50782.5;49955.0;51080.0;50110.0;50000.0;50647.5;55750.0
2022-06-16;-1110.0;0.0;-570.0;-1897.5;-400.0;-150.0;0.0;-395.0;-4522.5;2065.0;0.0;212.5;-1942.5;680.0;-40.0;0.0;252.5;1227.5;52065.0;50000.0;50212.5;48057.5;50680.0;49960.0;50000.0;50252.5;51227.5
2022-06-17;-530.0;0.0;-450.0;-317.5;960.0;210.0;0.0;-525.0;-652.5;1535.0;0.0;-237.5;-2260.0;1640.0;170.0;0.0;-272.5;575.0;51535.0;50000.0;49762.5;47740.0;51640.0;50170.0;50000.0;49727.5;50575.0
2022-06-20;487.5;0.0;450.0;105.0;360.0;360.0;0.0;-245.0;1517.5;2022.5;0.0;212.5;-2155.0;2000.0;530.0;0.0;-517.5;2092.5;52022.5;50000.0;50212.5;47845.0;52000.0;50530.0;50000.0;49482.5;52092.5
2022-06-21;190.0;0.0;620.0;90.0;165.0;290.0;0.0;-502.5;852.5;2212.5;0.0;832.5;-2065.0;2165.0;820.0;0.0;-1020.0;2945.0;52212.5;50000.0;50832.5;47935.0;52165.0;50820.0;50000.0;48980.0;52945.0
2022-06-22;552.5;0.0;950.0;1515.0;1320.0;945.0;0.0;-610.0;4672.5;2765.0;0.0;1782.5;-550.0;3485.0;1765.0;0.0;-1630.0;7617.5;52765.0;50000.0;51782.5;49450.0;53485.0;51765.0;50000.0;48370.0;57617.5
2022-06-23;-322.5;0.0;-590.0;-847.5;-140.0;-15.0;0.0;-317.5;-2232.5;2442.5;0.0;1192.5;-1397.5;3345.0;1750.0;0.0;-1947.5;5385.0;52442.5;50000.0;51192.5;48602.5;53345.0;51750.0;50000.0;48052.5;55385.0
2022-06-24;85.0;0.0;172.5;477.5;340.0;465.0;0.0;-322.5;1217.5;2527.5;0.0;1365.0;-920.0;3685.0;2215.0;0.0;-2270.0;6602.5;52527.5;50000.0;51365.0;49080.0;53685.0;52215.0;50000.0;47730.0;56602.5
2022-06-26;-230.0;0.0;-255.0;-317.5;0.0;0.0;0.0;0.0;-802.5;2297.5;0.0;1110.0;-1237.5;3685.0;2215.0;0.0;-2270.0;5800.0;52297.5;50000.0;51110.0;48762.5;53685.0;52215.0;50000.0;47730.0;55800.0
2022-06-27;-177.5;0.0;-30.0;-440.0;-20.0;105.0;0.0;265.0;-297.5;2120.0;0.0;1080.0;-1677.5;3665.0;2320.0;0.0;-2005.0;5502.5;52120.0;50000.0;51080.0;48322.5;53665.0;52320.0;50000.0;47995.0;55502.5
2022-06-28;1120.0;0.0;1425.0;1207.5;1080.0;705.0;0.0;-1525.0;4012.5;3240.0;0.0;2505.0;-470.0;4745.0;3025.0;0.0;-3530.0;9515.0;53240.0;50000.0;52505.0;49530.0;54745.0;53025.0;50000.0;46470.0;59515.0
2022-06-29;180.0;0.0;-420.0;267.5;340.0;-285.0;0.0;590.0;672.5;3420.0;0.0;2085.0;-202.5;5085.0;2740.0;0.0;-2940.0;10187.5;53420.0;50000.0;52085.0;49797.5;55085.0;52740.0;50000.0;47060.0;60187.5
2022-06-30;1282.5;0.0;1440.0;1107.5;652.5;652.5;0.0;-17.5;5117.5;4702.5;0.0;3525.0;905.0;5737.5;3392.5;0.0;-2957.5;15305.0;54702.5;50000.0;53525.0;50905.0;55737.5;53392.5;50000.0;47042.5;65305.0
2022-07-01;410.0;0.0;0.0;0.0;0.0;450.0;0.0;112.5;972.5;5112.5;0.0;3525.0;905.0;5737.5;3842.5;0.0;-2845.0;16277.5;55112.5;50000.0;53525.0;50905.0;55737.5;53842.5;50000.0;47155.0;66277.5
2022-07-04;0.0;0.0;0.0;0.0;0.0;0.0;0.0;-180.0;-180.0;5112.5;0.0;3525.0;905.0;5737.5;3842.5;0.0;-3025.0;16097.5;55112.5;50000.0;53525.0;50905.0;55737.5;53842.5;50000.0;46975.0;66097.5
2022-07-05;0.0;0.0;0.0;0.0;0.0;585.0;0.0;500.0;1085.0;5112.5;0.0;3525.0;905.0;5737.5;4427.5;0.0;-2525.0;17182.5;55112.5;50000.0;53525.0;50905.0;55737.5;54427.5;50000.0;47475.0;67182.5
2022-07-06;0.0;0.0;0.0;0.0;0.0;580.0;0.0;635.0;1215.0;5112.5;0.0;3525.0;905.0;5737.5;5007.5;0.0;-1890.0;18397.5;55112.5;50000.0;53525.0;50905.0;55737.5;55007.5;50000.0;48110.0;68397.5
2022-07-07;0.0;0.0;0.0;0.0;0.0;440.0;0.0;255.0;695.0;5112.5;0.0;3525.0;905.0;5737.5;5447.5;0.0;-1635.0;19092.5;55112.5;50000.0;53525.0;50905.0;55737.5;55447.5;50000.0;48365.0;69092.5
2022-07-08;0.0;0.0;0.0;0.0;0.0;307.5;0.0;122.5;430.0;5112.5;0.0;3525.0;905.0;5737.5;5755.0;0.0;-1512.5;19522.5;55112.5;50000.0;53525.0;50905.0;55737.5;55755.0;50000.0;48487.5;69522.5
2022-07-11;0.0;0.0;0.0;0.0;0.0;600.0;0.0;257.5;857.5;5112.5;0.0;3525.0;905.0;5737.5;6355.0;0.0;-1255.0;20380.0;55112.5;50000.0;53525.0;50905.0;55737.5;56355.0;50000.0;48745.0;70380.0
2022-07-12;0.0;0.0;0.0;0.0;0.0;230.0;0.0;417.5;647.5;5112.5;0.0;3525.0;905.0;5737.5;6585.0;0.0;-837.5;21027.5;55112.5;50000.0;53525.0;50905.0;55737.5;56585.0;50000.0;49162.5;71027.5
2022-07-13;0.0;0.0;0.0;0.0;0.0;170.0;0.0;122.5;292.5;5112.5;0.0;3525.0;905.0;5737.5;6755.0;0.0;-715.0;21320.0;55112.5;50000.0;53525.0;50905.0;55737.5;56755.0;50000.0;49285.0;71320.0
2022-07-14;0.0;0.0;0.0;0.0;0.0;72.5;0.0;-147.5;-75.0;5112.5;0.0;3525.0;905.0;5737.5;6827.5;0.0;-862.5;21245.0;55112.5;50000.0;53525.0;50905.0;55737.5;56827.5;50000.0;49137.5;71245.0
2022-07-15;0.0;0.0;0.0;0.0;0.0;-30.0;0.0;95.0;65.0;5112.5;0.0;3525.0;905.0;5737.5;6797.5;0.0;-767.5;21310.0;55112.5;50000.0;53525.0;50905.0;55737.5;56797.5;50000.0;49232.5;71310.0
2022-07-18;0.0;0.0;0.0;0.0;0.0;-270.0;0.0;-155.0;-425.0;5112.5;0.0;3525.0;905.0;5737.5;6527.5;0.0;-922.5;20885.0;55112.5;50000.0;53525.0;50905.0;55737.5;56527.5;50000.0;49077.5;70885.0
2022-07-19;0.0;0.0;0.0;0.0;0.0;-30.0;0.0;35.0;5.0;5112.5;0.0;3525.0;905.0;5737.5;6497.5;0.0;-887.5;20890.0;55112.5;50000.0;53525.0;50905.0;55737.5;56497.5;50000.0;49112.5;70890.0
2022-07-20;0.0;0.0;0.0;0.0;0.0;225.0;0.0;-27.5;197.5;5112.5;0.0;3525.0;905.0;5737.5;6722.5;0.0;-915.0;21087.5;55112.5;50000.0;53525.0;50905.0;55737.5;56722.5;50000.0;49085.0;71087.5
2022-07-21;0.0;0.0;0.0;0.0;0.0;345.0;0.0;0.0;345.0;5112.5;0.0;3525.0;905.0;5737.5;7067.5;0.0;-915.0;21432.5;55112.5;50000.0;53525.0;50905.0;55737.5;57067.5;50000.0;49085.0;71432.5
2022-07-22;0.0;0.0;0.0;0.0;0.0;105.0;0.0;-532.5;-427.5;5112.5;0.0;3525.0;905.0;5737.5;7172.5;0.0;-1447.5;21005.0;55112.5;50000.0;53525.0;50905.0;55737.5;57172.5;50000.0;48552.5;71005.0
2022-07-25;0.0;0.0;0.0;0.0;0.0;-15.0;0.0;-575.0;-590.0;5112.5;0.0;3525.0;905.0;5737.5;7157.5;0.0;-2022.5;20415.0;55112.5;50000.0;53525.0;50905.0;55737.5;57157.5;50000.0;47977.5;70415.0
2022-07-26;0.0;0.0;0.0;0.0;0.0;840.0;0.0;-422.5;417.5;5112.5;0.0;3525.0;905.0;5737.5;7997.5;0.0;-2445.0;20832.5;55112.5;50000.0;53525.0;50905.0;55737.5;57997.5;50000.0;47555.0;70832.5
2022-07-27;0.0;0.0;0.0;0.0;0.0;560.0;0.0;-477.5;82.5;5112.5;0.0;3525.0;905.0;5737.5;8557.5;0.0;-2922.5;20915.0;55112.5;50000.0;53525.0;50905.0;55737.5;58557.5;50000.0;47077.5;70915.0
2022-07-28;0.0;0.0;0.0;0.0;0.0;-405.0;0.0;180.0;-225.0;5112.5;0.0;3525.0;905.0;5737.5;8152.5;0.0;-2742.5;20690.0;55112.5;50000.0;53525.0;50905.0;55737.5;58152.5;50000.0;47257.5;70690.0
2022-07-29;0.0;0.0;0.0;0.0;0.0;157.5;0.0;-582.5;-425.0;5112.5;0.0;3525.0;905.0;5737.5;8310.0;0.0;-3325.0;20265.0;55112.5;50000.0;53525.0;50905.0;55737.5;58310.0;50000.0;46675.0;70265.0
2022-07-31;0.0;0.0;0.0;0.0;0.0;0.0;0.0;120.0;120.0;5112.5;0.0;3525.0;905.0;5737.5;8310.0;0.0;-3205.0;20385.0;55112.5;50000.0;53525.0;50905.0;55737.5;58310.0;50000.0;46795.0;70385.0
2022-08-01;0.0;0.0;0.0;0.0;0.0;225.0;0.0;-35.0;190.0;5112.5;0.0;3525.0;905.0;5737.5;8535.0;0.0;-3240.0;20575.0;55112.5;50000.0;53525.0;50905.0;55737.5;58535.0;50000.0;46760.0;70575.0
2022-08-02;0.0;0.0;0.0;0.0;0.0;-747.5;0.0;127.5;-620.0;5112.5;0.0;3525.0;905.0;5737.5;7787.5;0.0;-3112.5;19955.0;55112.5;50000.0;53525.0;50905.0;55737.5;57787.5;50000.0;46887.5;69955.0
2022-08-03;0.0;0.0;0.0;0.0;0.0;247.5;0.0;115.0;362.5;5112.5;0.0;3525.0;905.0;5737.5;8035.0;0.0;-2997.5;20317.5;55112.5;50000.0;53525.0;50905.0;55737.5;58035.0;50000.0;47002.5;70317.5
2022-08-04;0.0;0.0;0.0;0.0;0.0;-390.0;0.0;35.0;-355.0;5112.5;0.0;3525.0;905.0;5737.5;7645.0;0.0;-2962.5;19962.5;55112.5;50000.0;53525.0;50905.0;55737.5;57645.0;50000.0;47037.5;69962.5
2022-08-05;0.0;0.0;0.0;0.0;0.0;105.0;0.0;197.5;302.5;5112.5;0.0;3525.0;905.0;5737.5;7750.0;0.0;-2765.0;20265.0;55112.5;50000.0;53525.0;50905.0;55737.5;57750.0;50000.0;47235.0;70265.0
2022-08-08;0.0;0.0;0.0;0.0;0.0;720.0;0.0;-117.5;602.5;5112.5;0.0;3525.0;905.0;5737.5;8470.0;0.0;-2882.5;20867.5;55112.5;50000.0;53525.0;50905.0;55737.5;58470.0;50000.0;47117.5;70867.5
2022-08-09;0.0;0.0;0.0;0.0;0.0;100.0;0.0;0.0;100.0;5112.5;0.0;3525.0;905.0;5737.5;8570.0;0.0;-2882.5;20967.5;55112.5;50000.0;53525.0;50905.0;55737.5;58570.0;50000.0;47117.5;70967.5
2022-08-10;0.0;0.0;0.0;0.0;0.0;-690.0;0.0;-110.0;-800.0;5112.5;0.0;3525.0;905.0;5737.5;7880.0;0.0;-2992.5;20167.5;55112.5;50000.0;53525.0;50905.0;55737.5;57880.0;50000.0;47007.5;70167.5
2022-08-11;0.0;0.0;0.0;0.0;0.0;-165.0;0.0;-92.5;-257.5;5112.5;0.0;3525.0;905.0;5737.5;7715.0;0.0;-3085.0;19910.0;55112.5;50000.0;53525.0;50905.0;55737.5;57715.0;50000.0;46915.0;69910.0
2022-08-12;0.0;0.0;0.0;0.0;0.0;-297.5;0.0;85.0;-212.5;5112.5;0.0;3525.0;905.0;5737.5;7417.5;0.0;-3000.0;19697.5;55112.5;50000.0;53525.0;50905.0;55737.5;57417.5;50000.0;47000.0;69697.5
2022-08-15;0.0;0.0;0.0;0.0;0.0;-390.0;0.0;342.5;-47.5;5112.5;0.0;3525.0;905.0;5737.5;7027.5;0.0;-2657.5;19650.0;55112.5;50000.0;53525.0;50905.0;55737.5;57027.5;50000.0;47342.5;69650.0
2022-08-16;0.0;0.0;0.0;0.0;0.0;480.0;0.0;0.0;480.0;5112.5;0.0;3525.0;905.0;5737.5;7507.5;0.0;-2657.5;20130.0;55112.5;50000.0;53525.0;50905.0;55737.5;57507.5;50000.0;47342.5;70130.0
2022-08-17;0.0;0.0;0.0;0.0;0.0;-30.0;0.0;487.5;457.5;5112.5;0.0;3525.0;905.0;5737.5;7477.5;0.0;-2170.0;20587.5;55112.5;50000.0;53525.0;50905.0;55737.5;57477.5;50000.0;47830.0;70587.5
2022-08-18;0.0;0.0;0.0;0.0;0.0;-65.0;0.0;-10.0;-75.0;5112.5;0.0;3525.0;905.0;5737.5;7412.5;0.0;-2180.0;20512.5;55112.5;50000.0;53525.0;50905.0;55737.5;57412.5;50000.0;47820.0;70512.5
2022-08-19;0.0;0.0;0.0;0.0;0.0;90.0;0.0;-152.5;-62.5;5112.5;0.0;3525.0;905.0;5737.5;7502.5;0.0;-2332.5;20450.0;55112.5;50000.0;53525.0;50905.0;55737.5;57502.5;50000.0;47667.5;70450.0
2022-08-21;0.0;0.0;0.0;0.0;0.0;0.0;0.0;7.5;7.5;5112.5;0.0;3525.0;905.0;5737.5;7502.5;0.0;-2325.0;20457.5;55112.5;50000.0;53525.0;50905.0;55737.5;57502.5;50000.0;47675.0;70457.5
2022-08-22;0.0;0.0;0.0;0.0;0.0;30.0;0.0;545.0;575.0;5112.5;0.0;3525.0;905.0;5737.5;7532.5;0.0;-1780.0;21032.5;55112.5;50000.0;53525.0;50905.0;55737.5;57532.5;50000.0;48220.0;71032.5
2022-08-23;0.0;0.0;0.0;0.0;0.0;585.0;0.0;5.0;590.0;5112.5;0.0;3525.0;905.0;5737.5;8117.5;0.0;-1775.0;21622.5;55112.5;50000.0;53525.0;50905.0;55737.5;58117.5;50000.0;48225.0;71622.5
2022-08-24;0.0;0.0;0.0;0.0;0.0;222.5;0.0;-30.0;192.5;5112.5;0.0;3525.0;905.0;5737.5;8340.0;0.0;-1805.0;21815.0;55112.5;50000.0;53525.0;50905.0;55737.5;58340.0;50000.0;48195.0;71815.0
2022-08-25;0.0;0.0;0.0;0.0;0.0;-915.0;0.0;102.5;-812.5;5112.5;0.0;3525.0;905.0;5737.5;7425.0;0.0;-1702.5;21002.5;55112.5;50000.0;53525.0;50905.0;55737.5;57425.0;50000.0;48297.5;71002.5
2022-08-26;0.0;0.0;0.0;0.0;0.0;-640.0;0.0;0.0;-640.0;5112.5;0.0;3525.0;905.0;5737.5;6785.0;0.0;-1702.5;20362.5;55112.5;50000.0;53525.0;50905.0;55737.5;56785.0;50000.0;48297.5;70362.5
2022-08-29;0.0;0.0;0.0;0.0;0.0;720.0;0.0;-107.5;612.5;5112.5;0.0;3525.0;905.0;5737.5;7505.0;0.0;-1810.0;20975.0;55112.5;50000.0;53525.0;50905.0;55737.5;57505.0;50000.0;48190.0;70975.0
2022-08-30;0.0;0.0;0.0;0.0;0.0;-270.0;0.0;-415.0;-685.0;5112.5;0.0;3525.0;905.0;5737.5;7235.0;0.0;-2225.0;20290.0;55112.5;50000.0;53525.0;50905.0;55737.5;57235.0;50000.0;47775.0;70290.0
2022-08-31;0.0;0.0;0.0;0.0;0.0;825.0;0.0;-515.0;310.0;5112.5;0.0;3525.0;905.0;5737.5;8060.0;0.0;-2740.0;20600.0;55112.5;50000.0;53525.0;50905.0;55737.5;58060.0;50000.0;47260.0;70600.0
2022-09-01;0.0;0.0;0.0;0.0;0.0;-15.0;0.0;180.0;165.0;5112.5;0.0;3525.0;905.0;5737.5;8045.0;0.0;-2560.0;20765.0;55112.5;50000.0;53525.0;50905.0;55737.5;58045.0;50000.0;47440.0;70765.0
2022-09-02;0.0;0.0;0.0;0.0;0.0;330.0;0.0;382.5;712.5;5112.5;0.0;3525.0;905.0;5737.5;8375.0;0.0;-2177.5;21477.5;55112.5;50000.0;53525.0;50905.0;55737.5;58375.0;50000.0;47822.5;71477.5
2022-09-04;0.0;0.0;0.0;0.0;0.0;0.0;0.0;-117.5;-117.5;5112.5;0.0;3525.0;905.0;5737.5;8375.0;0.0;-2295.0;21360.0;55112.5;50000.0;53525.0;50905.0;55737.5;58375.0;50000.0;47705.0;71360.0
2022-09-05;0.0;0.0;0.0;0.0;0.0;0.0;0.0;-152.5;-152.5;5112.5;0.0;3525.0;905.0;5737.5;8375.0;0.0;-2447.5;21207.5;55112.5;50000.0;53525.0;50905.0;55737.5;58375.0;50000.0;47552.5;71207.5
2022-09-06;0.0;0.0;0.0;0.0;0.0;-390.0;0.0;640.0;250.0;5112.5;0.0;3525.0;905.0;5737.5;7985.0;0.0;-1807.5;21457.5;55112.5;50000.0;53525.0;50905.0;55737.5;57985.0;50000.0;48192.5;71457.5
2022-09-07;0.0;0.0;0.0;0.0;0.0;720.0;0.0;72.5;792.5;5112.5;0.0;3525.0;905.0;5737.5;8705.0;0.0;-1735.0;22250.0;55112.5;50000.0;53525.0;50905.0;55737.5;58705.0;50000.0;48265.0;72250.0
2022-09-08;0.0;0.0;0.0;0.0;0.0;-540.0;0.0;310.0;-230.0;5112.5;0.0;3525.0;905.0;5737.5;8165.0;0.0;-1425.0;22020.0;55112.5;50000.0;53525.0;50905.0;55737.5;58165.0;50000.0;48575.0;72020.0
2022-09-09;0.0;0.0;0.0;0.0;0.0;90.0;0.0;245.0;335.0;5112.5;0.0;3525.0;905.0;5737.5;8255.0;0.0;-1180.0;22355.0;55112.5;50000.0;53525.0;50905.0;55737.5;58255.0;50000.0;48820.0;72355.0
2022-09-12;0.0;0.0;0.0;0.0;0.0;-150.0;0.0;182.5;32.5;5112.5;0.0;3525.0;905.0;5737.5;8105.0;0.0;-997.5;22387.5;55112.5;50000.0;53525.0;50905.0;55737.5;58105.0;50000.0;49002.5;72387.5
2022-09-13;0.0;0.0;0.0;0.0;0.0;-915.0;0.0;422.5;-492.5;5112.5;0.0;3525.0;905.0;5737.5;7190.0;0.0;-575.0;21895.0;55112.5;50000.0;53525.0;50905.0;55737.5;57190.0;50000.0;49425.0;71895.0
2022-09-14;0.0;0.0;0.0;0.0;0.0;-165.0;0.0;-232.5;-397.5;5112.5;0.0;3525.0;905.0;5737.5;7025.0;0.0;-807.5;21497.5;55112.5;50000.0;53525.0;50905.0;55737.5;57025.0;50000.0;49192.5;71497.5
2022-09-15;0.0;0.0;0.0;0.0;0.0;390.0;0.0;510.0;900.0;5112.5;0.0;3525.0;905.0;5737.5;7415.0;0.0;-297.5;22397.5;55112.5;50000.0;53525.0;50905.0;55737.5;57415.0;50000.0;49702.5;72397.5
2022-09-16;0.0;0.0;0.0;0.0;0.0;-15.0;0.0;97.5;82.5;5112.5;0.0;3525.0;905.0;5737.5;7400.0;0.0;-200.0;22480.0;55112.5;50000.0;53525.0;50905.0;55737.5;57400.0;50000.0;49800.0;72480.0
2022-09-19;0.0;0.0;0.0;0.0;0.0;210.0;0.0;657.5;867.5;5112.5;0.0;3525.0;905.0;5737.5;7610.0;0.0;457.5;23347.5;55112.5;50000.0;53525.0;50905.0;55737.5;57610.0;50000.0;50457.5;73347.5
2022-09-20;0.0;0.0;0.0;0.0;0.0;-1035.0;0.0;107.5;-927.5;5112.5;0.0;3525.0;905.0;5737.5;6575.0;0.0;565.0;22420.0;55112.5;50000.0;53525.0;50905.0;55737.5;56575.0;50000.0;50565.0;72420.0
2022-09-21;0.0;0.0;0.0;0.0;0.0;-145.0;0.0;-670.0;-815.0;5112.5;0.0;3525.0;905.0;5737.5;6430.0;0.0;-105.0;21605.0;55112.5;50000.0;53525.0;50905.0;55737.5;56430.0;50000.0;49895.0;71605.0
2022-09-22;0.0;0.0;0.0;0.0;0.0;570.0;0.0;372.5;942.5;5112.5;0.0;3525.0;905.0;5737.5;7000.0;0.0;267.5;22547.5;55112.5;50000.0;53525.0;50905.0;55737.5;57000.0;50000.0;50267.5;72547.5
2022-09-23;0.0;0.0;0.0;0.0;0.0;225.0;0.0;-542.5;-317.5;5112.5;0.0;3525.0;905.0;5737.5;7225.0;0.0;-275.0;22230.0;55112.5;50000.0;53525.0;50905.0;55737.5;57225.0;50000.0;49725.0;72230.0
2022-09-25;0.0;0.0;0.0;0.0;0.0;0.0;0.0;157.5;157.5;5112.5;0.0;3525.0;905.0;5737.5;7225.0;0.0;-117.5;22387.5;55112.5;50000.0;53525.0;50905.0;55737.5;57225.0;50000.0;49882.5;72387.5
2022-09-26;0.0;0.0;0.0;0.0;0.0;450.0;0.0;135.0;585.0;5112.5;0.0;3525.0;905.0;5737.5;7675.0;0.0;17.5;22972.5;55112.5;50000.0;53525.0;50905.0;55737.5;57675.0;50000.0;50017.5;72972.5
2022-09-27;0.0;0.0;0.0;0.0;0.0;-420.0;0.0;-165.0;-585.0;5112.5;0.0;3525.0;905.0;5737.5;7255.0;0.0;-147.5;22387.5;55112.5;50000.0;53525.0;50905.0;55737.5;57255.0;50000.0;49852.5;72387.5
2022-09-28;0.0;0.0;0.0;0.0;0.0;-145.0;0.0;260.0;115.0;5112.5;0.0;3525.0;905.0;5737.5;7110.0;0.0;112.5;22502.5;55112.5;50000.0;53525.0;50905.0;55737.5;57110.0;50000.0;50112.5;72502.5
2022-09-29;0.0;0.0;0.0;0.0;0.0;330.0;0.0;-125.0;205.0;5112.5;0.0;3525.0;905.0;5737.5;7440.0;0.0;-12.5;22707.5;55112.5;50000.0;53525.0;50905.0;55737.5;57440.0;50000.0;49987.5;72707.5
2022-09-30;0.0;0.0;0.0;0.0;0.0;330.0;0.0;875.0;1205.0;5112.5;0.0;3525.0;905.0;5737.5;7770.0;0.0;862.5;23912.5;55112.5;50000.0;53525.0;50905.0;55737.5;57770.0;50000.0;50862.5;73912.5
2022-10-03;0.0;0.0;0.0;0.0;0.0;-275.0;0.0;-320.0;-595.0;5112.5;0.0;3525.0;905.0;5737.5;7495.0;0.0;542.5;23317.5;55112.5;50000.0;53525.0;50905.0;55737.5;57495.0;50000.0;50542.5;73317.5
2022-10-04;0.0;0.0;0.0;0.0;0.0;345.0;0.0;635.0;980.0;5112.5;0.0;3525.0;905.0;5737.5;7840.0;0.0;1177.5;24297.5;55112.5;50000.0;53525.0;50905.0;55737.5;57840.0;50000.0;51177.5;74297.5
2022-10-05;0.0;0.0;0.0;0.0;0.0;600.0;0.0;422.5;1022.5;5112.5;0.0;3525.0;905.0;5737.5;8440.0;0.0;1600.0;25320.0;55112.5;50000.0;53525.0;50905.0;55737.5;58440.0;50000.0;51600.0;75320.0
2022-10-06;0.0;0.0;0.0;0.0;0.0;57.5;0.0;-35.0;22.5;5112.5;0.0;3525.0;905.0;5737.5;8497.5;0.0;1565.0;25342.5;55112.5;50000.0;53525.0;50905.0;55737.5;58497.5;50000.0;51565.0;75342.5
2022-10-07;0.0;0.0;0.0;0.0;0.0;50.0;0.0;340.0;390.0;5112.5;0.0;3525.0;905.0;5737.5;8547.5;0.0;1905.0;25732.5;55112.5;50000.0;53525.0;50905.0;55737.5;58547.5;50000.0;51905.0;75732.5
2022-10-10;0.0;0.0;0.0;0.0;0.0;100.0;0.0;-440.0;-340.0;5112.5;0.0;3525.0;905.0;5737.5;8647.5;0.0;1465.0;25392.5;55112.5;50000.0;53525.0;50905.0;55737.5;58647.5;50000.0;51465.0;75392.5
2022-10-11;0.0;0.0;0.0;0.0;0.0;-530.0;0.0;912.5;382.5;5112.5;0.0;3525.0;905.0;5737.5;8117.5;0.0;2377.5;25775.0;55112.5;50000.0;53525.0;50905.0;55737.5;58117.5;50000.0;52377.5;75775.0
2022-10-12;0.0;0.0;0.0;0.0;0.0;-35.0;0.0;-40.0;-75.0;5112.5;0.0;3525.0;905.0;5737.5;8082.5;0.0;2337.5;25700.0;55112.5;50000.0;53525.0;50905.0;55737.5;58082.5;50000.0;52337.5;75700.0
2022-10-13;0.0;0.0;0.0;0.0;0.0;595.0;0.0;562.5;1157.5;5112.5;0.0;3525.0;905.0;5737.5;8677.5;0.0;2900.0;26857.5;55112.5;50000.0;53525.0;50905.0;55737.5;58677.5;50000.0;52900.0;76857.5
2022-10-14;0.0;0.0;0.0;0.0;0.0;-300.0;0.0;-232.5;-532.5;5112.5;0.0;3525.0;905.0;5737.5;8377.5;0.0;2667.5;26325.0;55112.5;50000.0;53525.0;50905.0;55737.5;58377.5;50000.0;52667.5;76325.0
2022-10-17;0.0;0.0;0.0;0.0;0.0;-525.0;0.0;-725.0;-1250.0;5112.5;0.0;3525.0;905.0;5737.5;7852.5;0.0;1942.5;25075.0;55112.5;50000.0;53525.0;50905.0;55737.5;57852.5;50000.0;51942.5;75075.0
2022-10-18;0.0;0.0;0.0;0.0;0.0;-420.0;0.0;547.5;127.5;5112.5;0.0;3525.0;905.0;5737.5;7432.5;0.0;2490.0;25202.5;55112.5;50000.0;53525.0;50905.0;55737.5;57432.5;50000.0;52490.0;75202.5
2022-10-19;0.0;0.0;0.0;0.0;0.0;705.0;0.0;-625.0;80.0;5112.5;0.0;3525.0;905.0;5737.5;8137.5;0.0;1865.0;25282.5;55112.5;50000.0;53525.0;50905.0;55737.5;58137.5;50000.0;51865.0;75282.5
2022-10-20;0.0;0.0;0.0;0.0;0.0;-285.0;0.0;412.5;127.5;5112.5;0.0;3525.0;905.0;5737.5;7852.5;0.0;2277.5;25410.0;55112.5;50000.0;53525.0;50905.0;55737.5;57852.5;50000.0;52277.5;75410.0
2022-10-21;0.0;0.0;0.0;0.0;0.0;-135.0;0.0;-415.0;-550.0;5112.5;0.0;3525.0;905.0;5737.5;7717.5;0.0;1862.5;24860.0;55112.5;50000.0;53525.0;50905.0;55737.5;57717.5;50000.0;51862.5;74860.0
2022-10-24;0.0;0.0;0.0;0.0;0.0;90.0;0.0;80.0;170.0;5112.5;0.0;3525.0;905.0;5737.5;7807.5;0.0;1942.5;25030.0;55112.5;50000.0;53525.0;50905.0;55737.5;57807.5;50000.0;51942.5;75030.0
2022-10-25;0.0;0.0;0.0;0.0;0.0;-887.5;0.0;157.5;-730.0;5112.5;0.0;3525.0;905.0;5737.5;6920.0;0.0;2100.0;24300.0;55112.5;50000.0;53525.0;50905.0;55737.5;56920.0;50000.0;52100.0;74300.0
2022-10-26;0.0;0.0;0.0;0.0;0.0;-540.0;0.0;-267.5;-807.5;5112.5;0.0;3525.0;905.0;5737.5;6380.0;0.0;1832.5;23492.5;55112.5;50000.0;53525.0;50905.0;55737.5;56380.0;50000.0;51832.5;73492.5
2022-10-27;0.0;0.0;0.0;0.0;0.0;90.0;0.0;780.0;870.0;5112.5;0.0;3525.0;905.0;5737.5;6470.0;0.0;2612.5;24362.5;55112.5;50000.0;53525.0;50905.0;55737.5;56470.0;50000.0;52612.5;74362.5
2022-10-28;0.0;0.0;0.0;0.0;0.0;-20.0;0.0;-425.0;-445.0;5112.5;0.0;3525.0;905.0;5737.5;6450.0;0.0;2187.5;23917.5;55112.5;50000.0;53525.0;50905.0;55737.5;56450.0;50000.0;52187.5;73917.5
2022-10-30;0.0;0.0;0.0;0.0;0.0;0.0;0.0;-217.5;-217.5;5112.5;0.0;3525.0;905.0;5737.5;6450.0;0.0;1970.0;23700.0;55112.5;50000.0;53525.0;50905.0;55737.5;56450.0;50000.0;51970.0;73700.0
2022-10-31;0.0;0.0;0.0;0.0;0.0;-30.0;0.0;377.5;347.5;5112.5;0.0;3525.0;905.0;5737.5;6420.0;0.0;2347.5;24047.5;55112.5;50000.0;53525.0;50905.0;55737.5;56420.0;50000.0;52347.5;74047.5
2022-11-01;0.0;0.0;0.0;0.0;0.0;137.5;0.0;140.0;277.5;5112.5;0.0;3525.0;905.0;5737.5;6557.5;0.0;2487.5;24325.0;55112.5;50000.0;53525.0;50905.0;55737.5;56557.5;50000.0;52487.5;74325.0
2022-11-02;0.0;0.0;0.0;0.0;0.0;570.0;0.0;-202.5;367.5;5112.5;0.0;3525.0;905.0;5737.5;7127.5;0.0;2285.0;24692.5;55112.5;50000.0;53525.0;50905.0;55737.5;57127.5;50000.0;52285.0;74692.5
2022-11-03;0.0;0.0;0.0;0.0;0.0;-30.0;0.0;25.0;-5.0;5112.5;0.0;3525.0;905.0;5737.5;7097.5;0.0;2310.0;24687.5;55112.5;50000.0;53525.0;50905.0;55737.5;57097.5;50000.0;52310.0;74687.5
2022-11-04;0.0;0.0;0.0;0.0;0.0;-165.0;0.0;-57.5;-222.5;5112.5;0.0;3525.0;905.0;5737.5;6932.5;0.0;2252.5;24465.0;55112.5;50000.0;53525.0;50905.0;55737.5;56932.5;50000.0;52252.5;74465.0
2022-11-07;0.0;0.0;0.0;0.0;0.0;-270.0;0.0;402.5;132.5;5112.5;0.0;3525.0;905.0;5737.5;6662.5;0.0;2655.0;24597.5;55112.5;50000.0;53525.0;50905.0;55737.5;56662.5;50000.0;52655.0;74597.5
2022-11-08;0.0;0.0;0.0;0.0;0.0;-195.0;0.0;-107.5;-302.5;5112.5;0.0;3525.0;905.0;5737.5;6467.5;0.0;2547.5;24295.0;55112.5;50000.0;53525.0;50905.0;55737.5;56467.5;50000.0;52547.5;74295.0
2022-11-09;0.0;0.0;0.0;0.0;0.0;465.0;0.0;-315.0;150.0;5112.5;0.0;3525.0;905.0;5737.5;6932.5;0.0;2232.5;24445.0;55112.5;50000.0;53525.0;50905.0;55737.5;56932.5;50000.0;52232.5;74445.0
2022-11-10;0.0;0.0;0.0;0.0;0.0;325.0;0.0;-152.5;172.5;5112.5;0.0;3525.0;905.0;5737.5;7257.5;0.0;2080.0;24617.5;55112.5;50000.0;53525.0;50905.0;55737.5;57257.5;50000.0;52080.0;74617.5
2022-11-11;0.0;0.0;0.0;0.0;0.0;-510.0;0.0;907.5;397.5;5112.5;0.0;3525.0;905.0;5737.5;6747.5;0.0;2987.5;25015.0;55112.5;50000.0;53525.0;50905.0;55737.5;56747.5;50000.0;52987.5;75015.0
2022-11-14;0.0;0.0;0.0;0.0;0.0;632.5;0.0;145.0;777.5;5112.5;0.0;3525.0;905.0;5737.5;7380.0;0.0;3132.5;25792.5;55112.5;50000.0;53525.0;50905.0;55737.5;57380.0;50000.0;53132.5;75792.5
2022-11-15;0.0;0.0;0.0;0.0;0.0;-540.0;0.0;315.0;-225.0;5112.5;0.0;3525.0;905.0;5737.5;6840.0;0.0;3447.5;25567.5;55112.5;50000.0;53525.0;50905.0;55737.5;56840.0;50000.0;53447.5;75567.5
2022-11-16;0.0;0.0;0.0;0.0;0.0;-410.0;0.0;-560.0;-970.0;5112.5;0.0;3525.0;905.0;5737.5;6430.0;0.0;2887.5;24597.5;55112.5;50000.0;53525.0;50905.0;55737.5;56430.0;50000.0;52887.5;74597.5
2022-11-17;0.0;0.0;0.0;0.0;0.0;345.0;0.0;115.0;460.0;5112.5;0.0;3525.0;905.0;5737.5;6775.0;0.0;3002.5;25057.5;55112.5;50000.0;53525.0;50905.0;55737.5;56775.0;50000.0;53002.5;75057.5
2022-11-18;0.0;0.0;0.0;0.0;0.0;595.0;0.0;-702.5;-107.5;5112.5;0.0;3525.0;905.0;5737.5;7370.0;0.0;2300.0;24950.0;55112.5;50000.0;53525.0;50905.0;55737.5;57370.0;50000.0;52300.0;74950.0
2022-11-21;0.0;0.0;0.0;0.0;0.0;105.0;0.0;-537.5;-432.5;5112.5;0.0;3525.0;905.0;5737.5;7475.0;0.0;1762.5;24517.5;55112.5;50000.0;53525.0;50905.0;55737.5;57475.0;50000.0;51762.5;74517.5
2022-11-22;0.0;0.0;0.0;0.0;0.0;480.0;0.0;57.5;537.5;5112.5;0.0;3525.0;905.0;5737.5;7955.0;0.0;1820.0;25055.0;55112.5;50000.0;53525.0;50905.0;55737.5;57955.0;50000.0;51820.0;75055.0
2022-11-23;0.0;0.0;0.0;0.0;0.0;-15.0;0.0;132.5;117.5;5112.5;0.0;3525.0;905.0;5737.5;7940.0;0.0;1952.5;25172.5;55112.5;50000.0;53525.0;50905.0;55737.5;57940.0;50000.0;51952.5;75172.5
2022-11-24;0.0;0.0;0.0;0.0;0.0;0.0;0.0;65.0;65.0;5112.5;0.0;3525.0;905.0;5737.5;7940.0;0.0;2017.5;25237.5;55112.5;50000.0;53525.0;50905.0;55737.5;57940.0;50000.0;52017.5;75237.5
2022-11-25;0.0;0.0;0.0;0.0;0.0;0.0;0.0;-305.0;-305.0;5112.5;0.0;3525.0;905.0;5737.5;7940.0;0.0;1712.5;24932.5;55112.5;50000.0;53525.0;50905.0;55737.5;57940.0;50000.0;51712.5;74932.5
2022-11-28;0.0;0.0;0.0;0.0;0.0;72.5;0.0;-110.0;-37.5;5112.5;0.0;3525.0;905.0;5737.5;8012.5;0.0;1602.5;24895.0;55112.5;50000.0;53525.0;50905.0;55737.5;58012.5;50000.0;51602.5;74895.0
2022-11-29;0.0;0.0;0.0;0.0;0.0;-15.0;0.0;390.0;375.0;5112.5;0.0;3525.0;905.0;5737.5;7997.5;0.0;1992.5;25270.0;55112.5;50000.0;53525.0;50905.0;55737.5;57997.5;50000.0;51992.5;75270.0
2022-11-30;0.0;0.0;0.0;0.0;0.0;-755.0;0.0;-297.5;-1052.5;5112.5;0.0;3525.0;905.0;5737.5;7242.5;0.0;1695.0;24217.5;55112.5;50000.0;53525.0;50905.0;55737.5;57242.5;50000.0;51695.0;74217.5
2022-12-01;0.0;0.0;0.0;0.0;0.0;480.0;0.0;-507.5;-27.5;5112.5;0.0;3525.0;905.0;5737.5;7722.5;0.0;1187.5;24190.0;55112.5;50000.0;53525.0;50905.0;55737.5;57722.5;50000.0;51187.5;74190.0
2022-12-02;0.0;0.0;0.0;0.0;0.0;-135.0;0.0;-280.0;-415.0;5112.5;0.0;3525.0;905.0;5737.5;7587.5;0.0;907.5;23775.0;55112.5;50000.0;53525.0;50905.0;55737.5;57587.5;50000.0;50907.5;73775.0
2022-12-05;0.0;0.0;0.0;0.0;0.0;-135.0;0.0;597.5;462.5;5112.5;0.0;3525.0;905.0;5737.5;7452.5;0.0;1505.0;24237.5;55112.5;50000.0;53525.0;50905.0;55737.5;57452.5;50000.0;51505.0;74237.5
2022-12-06;0.0;0.0;0.0;0.0;0.0;360.0;0.0;-122.5;237.5;5112.5;0.0;3525.0;905.0;5737.5;7812.5;0.0;1382.5;24475.0;55112.5;50000.0;53525.0;50905.0;55737.5;57812.5;50000.0;51382.5;74475.0
2022-12-07;0.0;0.0;0.0;0.0;0.0;-30.0;0.0;-185.0;-215.0;5112.5;0.0;3525.0;905.0;5737.5;7782.5;0.0;1197.5;24260.0;55112.5;50000.0;53525.0;50905.0;55737.5;57782.5;50000.0;51197.5;74260.0
2022-12-08;0.0;0.0;0.0;0.0;0.0;345.0;0.0;665.0;1010.0;5112.5;0.0;3525.0;905.0;5737.5;8127.5;0.0;1862.5;25270.0;55112.5;50000.0;53525.0;50905.0;55737.5;58127.5;50000.0;51862.5;75270.0
2022-12-09;0.0;0.0;0.0;0.0;0.0;-60.0;0.0;0.0;-60.0;5112.5;0.0;3525.0;905.0;5737.5;8067.5;0.0;1862.5;25210.0;55112.5;50000.0;53525.0;50905.0;55737.5;58067.5;50000.0;51862.5;75210.0
2022-12-11;0.0;0.0;0.0;0.0;0.0;0.0;0.0;220.0;220.0;5112.5;0.0;3525.0;905.0;5737.5;8067.5;0.0;2082.5;25430.0;55112.5;50000.0;53525.0;50905.0;55737.5;58067.5;50000.0;52082.5;75430.0
2022-12-12;0.0;0.0;0.0;0.0;0.0;360.0;0.0;132.5;492.5;5112.5;0.0;3525.0;905.0;5737.5;8427.5;0.0;2215.0;25922.5;55112.5;50000.0;53525.0;50905.0;55737.5;58427.5;50000.0;52215.0;75922.5
2022-12-13;0.0;0.0;0.0;0.0;0.0;-660.0;0.0;-452.5;-1112.5;5112.5;0.0;3525.0;905.0;5737.5;7767.5;0.0;1762.5;24810.0;55112.5;50000.0;53525.0;50905.0;55737.5;57767.5;50000.0;51762.5;74810.0
2022-12-14;0.0;0.0;0.0;0.0;0.0;-15.0;0.0;675.0;660.0;5112.5;0.0;3525.0;905.0;5737.5;7752.5;0.0;2437.5;25470.0;55112.5;50000.0;53525.0;50905.0;55737.5;57752.5;50000.0;52437.5;75470.0
2022-12-15;0.0;0.0;0.0;0.0;0.0;360.0;0.0;-292.5;67.5;5112.5;0.0;3525.0;905.0;5737.5;8112.5;0.0;2145.0;25537.5;55112.5;50000.0;53525.0;50905.0;55737.5;58112.5;50000.0;52145.0;75537.5
2022-12-16;0.0;0.0;0.0;0.0;0.0;-30.0;0.0;422.5;392.5;5112.5;0.0;3525.0;905.0;5737.5;8082.5;0.0;2567.5;25930.0;55112.5;50000.0;53525.0;50905.0;55737.5;58082.5;50000.0;52567.5;75930.0
2022-12-19;0.0;0.0;0.0;0.0;0.0;585.0;0.0;-377.5;207.5;5112.5;0.0;3525.0;905.0;5737.5;8667.5;0.0;2190.0;26137.5;55112.5;50000.0;53525.0;50905.0;55737.5;58667.5;50000.0;52190.0;76137.5
2022-12-20;0.0;0.0;0.0;0.0;0.0;-15.0;0.0;0.0;-15.0;5112.5;0.0;3525.0;905.0;5737.5;8652.5;0.0;2190.0;26122.5;55112.5;50000.0;53525.0;50905.0;55737.5;58652.5;50000.0;52190.0;76122.5
2022-12-21;0.0;0.0;0.0;0.0;0.0;105.0;0.0;-295.0;-190.0;5112.5;0.0;3525.0;905.0;5737.5;8757.5;0.0;1895.0;25932.5;55112.5;50000.0;53525.0;50905.0;55737.5;58757.5;50000.0;51895.0;75932.5
2022-12-22;0.0;0.0;0.0;0.0;0.0;-345.0;0.0;122.5;-222.5;5112.5;0.0;3525.0;905.0;5737.5;8412.5;0.0;2017.5;25710.0;55112.5;50000.0;53525.0;50905.0;55737.5;58412.5;50000.0;52017.5;75710.0
2022-12-23;0.0;0.0;0.0;0.0;0.0;557.5;0.0;-552.5;5.0;5112.5;0.0;3525.0;905.0;5737.5;8970.0;0.0;1465.0;25715.0;55112.5;50000.0;53525.0;50905.0;55737.5;58970.0;50000.0;51465.0;75715.0
2022-12-27;0.0;0.0;0.0;0.0;0.0;360.0;0.0;312.5;672.5;5112.5;0.0;3525.0;905.0;5737.5;9330.0;0.0;1777.5;26387.5;55112.5;50000.0;53525.0;50905.0;55737.5;59330.0;50000.0;51777.5;76387.5
2022-12-28;0.0;0.0;0.0;0.0;0.0;600.0;0.0;260.0;860.0;5112.5;0.0;3525.0;905.0;5737.5;9930.0;0.0;2037.5;27247.5;55112.5;50000.0;53525.0;50905.0;55737.5;59930.0;50000.0;52037.5;77247.5
2022-12-29;0.0;0.0;0.0;0.0;0.0;840.0;0.0;182.5;1022.5;5112.5;0.0;3525.0;905.0;5737.5;10770.0;0.0;2220.0;28270.0;55112.5;50000.0;53525.0;50905.0;55737.5;60770.0;50000.0;52220.0;78270.0
2022-12-30;0.0;0.0;0.0;0.0;0.0;190.0;0.0;0.0;190.0;5112.5;0.0;3525.0;905.0;5737.5;10960.0;0.0;2220.0;28460.0;55112.5;50000.0;53525.0;50905.0;55737.5;60960.0;50000.0;52220.0;78460.0
2023-01-03;0.0;-1270.0;0.0;0.0;0.0;-645.0;-1270.0;0.0;-3185.0;5112.5;-1270.0;3525.0;905.0;5737.5;10315.0;-1270.0;2220.0;25275.0;55112.5;48730.0;53525.0;50905.0;55737.5;60315.0;48730.0;52220.0;75275.0
2023-01-04;0.0;-1087.5;0.0;0.0;0.0;-900.0;-1137.5;0.0;-3125.0;5112.5;-2357.5;3525.0;905.0;5737.5;9415.0;-2407.5;2220.0;22150.0;55112.5;47642.5;53525.0;50905.0;55737.5;59415.0;47592.5;52220.0;72150.0
2023-01-05;0.0;-587.5;0.0;0.0;0.0;-525.0;-625.0;0.0;-1737.5;5112.5;-2945.0;3525.0;905.0;5737.5;8890.0;-3032.5;2220.0;20412.5;55112.5;47055.0;53525.0;50905.0;55737.5;58890.0;46967.5;52220.0;70412.5
2023-01-06;0.0;47.5;0.0;0.0;0.0;-390.0;-390.0;0.0;-732.5;5112.5;-2897.5;3525.0;905.0;5737.5;8500.0;-3422.5;2220.0;19680.0;55112.5;47102.5;53525.0;50905.0;55737.5;58500.0;46577.5;52220.0;69680.0
2023-01-09;0.0;-270.0;0.0;0.0;0.0;-30.0;-145.0;0.0;-445.0;5112.5;-3167.5;3525.0;905.0;5737.5;8470.0;-3567.5;2220.0;19235.0;55112.5;46832.5;53525.0;50905.0;55737.5;58470.0;46432.5;52220.0;69235.0
2023-01-10;0.0;-587.5;0.0;0.0;0.0;-405.0;-1025.0;0.0;-2017.5;5112.5;-3755.0;3525.0;905.0;5737.5;8065.0;-4592.5;2220.0;17217.5;55112.5;46245.0;53525.0;50905.0;55737.5;58065.0;45407.5;52220.0;67217.5
2023-01-11;0.0;47.5;0.0;0.0;0.0;360.0;172.5;0.0;580.0;5112.5;-3707.5;3525.0;905.0;5737.5;8425.0;-4420.0;2220.0;17797.5;55112.5;46292.5;53525.0;50905.0;55737.5;58425.0;45580.0;52220.0;67797.5
2023-01-12;0.0;-777.5;0.0;0.0;0.0;-540.0;-590.0;0.0;-1907.5;5112.5;-4485.0;3525.0;905.0;5737.5;7885.0;-5010.0;2220.0;15890.0;55112.5;45515.0;53525.0;50905.0;55737.5;57885.0;44990.0;52220.0;65890.0
2023-01-13;0.0;-237.5;0.0;0.0;0.0;57.5;-175.0;0.0;-355.0;5112.5;-4722.5;3525.0;905.0;5737.5;7942.5;-5185.0;2220.0;15535.0;55112.5;45277.5;53525.0;50905.0;55737.5;57942.5;44815.0;52220.0;65535.0
2023-01-17;0.0;-547.5;0.0;0.0;0.0;-135.0;-547.5;0.0;-1230.0;5112.5;-5270.0;3525.0;905.0;5737.5;7807.5;-5732.5;2220.0;14305.0;55112.5;44730.0;53525.0;50905.0;55737.5;57807.5;44267.5;52220.0;64305.0
2023-01-18;0.0;567.5;0.0;0.0;0.0;480.0;692.5;0.0;1740.0;5112.5;-4702.5;3525.0;905.0;5737.5;8287.5;-5040.0;2220.0;16045.0;55112.5;45297.5;53525.0;50905.0;55737.5;58287.5;44960.0;52220.0;66045.0
2023-01-19;0.0;482.5;0.0;0.0;0.0;720.0;732.5;0.0;1935.0;5112.5;-4220.0;3525.0;905.0;5737.5;9007.5;-4307.5;2220.0;17980.0;55112.5;45780.0;53525.0;50905.0;55737.5;59007.5;45692.5;52220.0;67980.0
2023-01-20;0.0;-460.0;0.0;0.0;0.0;-460.0;-272.5;0.0;-1192.5;5112.5;-4680.0;3525.0;905.0;5737.5;8547.5;-4580.0;2220.0;16787.5;55112.5;45320.0;53525.0;50905.0;55737.5;58547.5;45420.0;52220.0;66787.5
2023-01-23;0.0;-475.0;0.0;0.0;0.0;225.0;-350.0;0.0;-600.0;5112.5;-5155.0;3525.0;905.0;5737.5;8772.5;-4930.0;2220.0;16187.5;55112.5;44845.0;53525.0;50905.0;55737.5;58772.5;45070.0;52220.0;66187.5
2023-01-24;0.0;722.5;0.0;0.0;0.0;410.0;72.5;0.0;1205.0;5112.5;-4432.5;3525.0;905.0;5737.5;9182.5;-4857.5;2220.0;17392.5;55112.5;45567.5;53525.0;50905.0;55737.5;59182.5;45142.5;52220.0;67392.5
2023-01-25;0.0;-195.0;0.0;0.0;0.0;-420.0;117.5;0.0;-497.5;5112.5;-4627.5;3525.0;905.0;5737.5;8762.5;-4740.0;2220.0;16895.0;55112.5;45372.5;53525.0;50905.0;55737.5;58762.5;45260.0;52220.0;66895.0
2023-01-26;0.0;95.0;0.0;0.0;0.0;-30.0;95.0;0.0;160.0;5112.5;-4532.5;3525.0;905.0;5737.5;8732.5;-4645.0;2220.0;17055.0;55112.5;45467.5;53525.0;50905.0;55737.5;58732.5;45355.0;52220.0;67055.0
2023-01-27;0.0;-1087.5;0.0;0.0;0.0;-780.0;-1587.5;0.0;-3455.0;5112.5;-5620.0;3525.0;905.0;5737.5;7952.5;-6232.5;2220.0;13600.0;55112.5;44380.0;53525.0;50905.0;55737.5;57952.5;43767.5;52220.0;63600.0
2023-01-30;0.0;-87.5;0.0;0.0;0.0;225.0;100.0;0.0;237.5;5112.5;-5707.5;3525.0;905.0;5737.5;8177.5;-6132.5;2220.0;13837.5;55112.5;44292.5;53525.0;50905.0;55737.5;58177.5;43867.5;52220.0;63837.5
2023-01-31;0.0;365.0;0.0;0.0;0.0;240.0;490.0;0.0;1095.0;5112.5;-5342.5;3525.0;905.0;5737.5;8417.5;-5642.5;2220.0;14932.5;55112.5;44657.5;53525.0;50905.0;55737.5;58417.5;44357.5;52220.0;64932.5
2023-02-01;0.0;-395.0;0.0;0.0;0.0;-332.5;-470.0;0.0;-1197.5;5112.5;-5737.5;3525.0;905.0;5737.5;8085.0;-6112.5;2220.0;13735.0;55112.5;44262.5;53525.0;50905.0;55737.5;58085.0;43887.5;52220.0;63735.0
2023-02-02;0.0;-270.0;0.0;0.0;0.0;105.0;-145.0;0.0;-310.0;5112.5;-6007.5;3525.0;905.0;5737.5;8190.0;-6257.5;2220.0;13425.0;55112.5;43992.5;53525.0;50905.0;55737.5;58190.0;43742.5;52220.0;63425.0
2023-02-03;0.0;57.5;0.0;0.0;0.0;345.0;245.0;0.0;647.5;5112.5;-5950.0;3525.0;905.0;5737.5;8535.0;-6012.5;2220.0;14072.5;55112.5;44050.0;53525.0;50905.0;55737.5;58535.0;43987.5;52220.0;64072.5
2023-02-06;0.0;-635.0;0.0;0.0;0.0;-510.0;-635.0;0.0;-1780.0;5112.5;-6585.0;3525.0;905.0;5737.5;8025.0;-6647.5;2220.0;12292.5;55112.5;43415.0;53525.0;50905.0;55737.5;58025.0;43352.5;52220.0;62292.5
2023-02-07;0.0;-770.0;0.0;0.0;0.0;-270.0;-707.5;0.0;-1747.5;5112.5;-7355.0;3525.0;905.0;5737.5;7755.0;-7355.0;2220.0;10545.0;55112.5;42645.0;53525.0;50905.0;55737.5;57755.0;42645.0;52220.0;60545.0
2023-02-08;0.0;95.0;0.0;0.0;0.0;-30.0;345.0;0.0;410.0;5112.5;-7260.0;3525.0;905.0;5737.5;7725.0;-7010.0;2220.0;10955.0;55112.5;42740.0;53525.0;50905.0;55737.5;57725.0;42990.0;52220.0;60955.0
2023-02-09;0.0;737.5;0.0;0.0;0.0;112.5;800.0;0.0;1650.0;5112.5;-6522.5;3525.0;905.0;5737.5;7837.5;-6210.0;2220.0;12605.0;55112.5;43477.5;53525.0;50905.0;55737.5;57837.5;43790.0;52220.0;62605.0
2023-02-10;0.0;-407.5;0.0;0.0;0.0;-270.0;-345.0;0.0;-1022.5;5112.5;-6930.0;3525.0;905.0;5737.5;7567.5;-6555.0;2220.0;11582.5;55112.5;43070.0;53525.0;50905.0;55737.5;57567.5;43445.0;52220.0;61582.5
2023-02-13;0.0;397.5;0.0;0.0;0.0;272.5;-40.0;0.0;630.0;5112.5;-6532.5;3525.0;905.0;5737.5;7840.0;-6595.0;2220.0;12212.5;55112.5;43467.5;53525.0;50905.0;55737.5;57840.0;43405.0;52220.0;62212.5
2023-02-14;0.0;277.5;0.0;0.0;0.0;465.0;345.0;0.0;1087.5;5112.5;-6255.0;3525.0;905.0;5737.5;8305.0;-6250.0;2220.0;13300.0;55112.5;43745.0;53525.0;50905.0;55737.5;58305.0;43750.0;52220.0;63300.0
2023-02-15;0.0;460.0;0.0;0.0;0.0;585.0;835.0;0.0;1880.0;5112.5;-5795.0;3525.0;905.0;5737.5;8890.0;-5415.0;2220.0;15180.0;55112.5;44205.0;53525.0;50905.0;55737.5;58890.0;44585.0;52220.0;65180.0
2023-02-16;0.0;-667.5;0.0;0.0;0.0;-405.0;-1105.0;0.0;-2177.5;5112.5;-6462.5;3525.0;905.0;5737.5;8485.0;-6520.0;2220.0;13002.5;55112.5;43537.5;53525.0;50905.0;55737.5;58485.0;43480.0;52220.0;63002.5
2023-02-17;0.0;95.0;0.0;0.0;0.0;90.0;-217.5;0.0;-32.5;5112.5;-6367.5;3525.0;905.0;5737.5;8575.0;-6737.5;2220.0;12970.0;55112.5;43632.5;53525.0;50905.0;55737.5;58575.0;43262.5;52220.0;62970.0
2023-02-21;0.0;-65.0;0.0;0.0;0.0;-215.0;-365.0;0.0;-645.0;5112.5;-6432.5;3525.0;905.0;5737.5;8360.0;-7102.5;2220.0;12325.0;55112.5;43567.5;53525.0;50905.0;55737.5;58360.0;42897.5;52220.0;62325.0
2023-02-22;0.0;437.5;0.0;0.0;0.0;250.0;625.0;0.0;1312.5;5112.5;-5995.0;3525.0;905.0;5737.5;8610.0;-6477.5;2220.0;13637.5;55112.5;44005.0;53525.0;50905.0;55737.5;58610.0;43522.5;52220.0;63637.5
2023-02-23;0.0;230.0;0.0;0.0;0.0;225.0;417.5;0.0;872.5;5112.5;-5765.0;3525.0;905.0;5737.5;8835.0;-6060.0;2220.0;14510.0;55112.5;44235.0;53525.0;50905.0;55737.5;58835.0;43940.0;52220.0;64510.0
2023-02-24;0.0;-270.0;0.0;0.0;0.0;225.0;-145.0;0.0;-190.0;5112.5;-6035.0;3525.0;905.0;5737.5;9060.0;-6205.0;2220.0;14320.0;55112.5;43965.0;53525.0;50905.0;55737.5;59060.0;43795.0;52220.0;64320.0
2023-02-27;0.0;-715.0;0.0;0.0;0.0;-470.0;-715.0;0.0;-1900.0;5112.5;-6750.0;3525.0;905.0;5737.5;8590.0;-6920.0;2220.0;12420.0;55112.5;43250.0;53525.0;50905.0;55737.5;58590.0;43080.0;52220.0;62420.0
2023-02-28;0.0;-317.5;0.0;0.0;0.0;-255.0;-317.5;0.0;-890.0;5112.5;-7067.5;3525.0;905.0;5737.5;8335.0;-7237.5;2220.0;11530.0;55112.5;42932.5;53525.0;50905.0;55737.5;58335.0;42762.5;52220.0;61530.0
2023-03-01;0.0;525.0;0.0;0.0;0.0;-100.0;305.0;0.0;730.0;5112.5;-6542.5;3525.0;905.0;5737.5;8235.0;-6932.5;2220.0;12260.0;55112.5;43457.5;53525.0;50905.0;55737.5;58235.0;43067.5;52220.0;62260.0
2023-03-02;0.0;307.5;0.0;0.0;0.0;207.5;250.0;0.0;765.0;5112.5;-6235.0;3525.0;905.0;5737.5;8442.5;-6682.5;2220.0;13025.0;55112.5;43765.0;53525.0;50905.0;55737.5;58442.5;43317.5;52220.0;63025.0
2023-03-03;0.0;-317.5;0.0;0.0;0.0;-255.0;-317.5;0.0;-890.0;5112.5;-6552.5;3525.0;905.0;5737.5;8187.5;-7000.0;2220.0;12135.0;55112.5;43447.5;53525.0;50905.0;55737.5;58187.5;43000.0;52220.0;62135.0
2023-03-06;0.0;-170.0;0.0;0.0;0.0;-107.5;-170.0;0.0;-447.5;5112.5;-6722.5;3525.0;905.0;5737.5;8080.0;-7170.0;2220.0;11687.5;55112.5;43277.5;53525.0;50905.0;55737.5;58080.0;42830.0;52220.0;61687.5
2023-03-07;0.0;-135.0;0.0;0.0;0.0;-135.0;-72.5;0.0;-342.5;5112.5;-6857.5;3525.0;905.0;5737.5;7945.0;-7242.5;2220.0;11345.0;55112.5;43142.5;53525.0;50905.0;55737.5;57945.0;42757.5;52220.0;61345.0
2023-03-08;0.0;595.0;0.0;0.0;0.0;345.0;907.5;0.0;1847.5;5112.5;-6262.5;3525.0;905.0;5737.5;8290.0;-6335.0;2220.0;13192.5;55112.5;43737.5;53525.0;50905.0;55737.5;58290.0;43665.0;52220.0;63192.5
2023-03-09;0.0;-150.0;0.0;0.0;0.0;75.0;-587.5;0.0;-662.5;5112.5;-6412.5;3525.0;905.0;5737.5;8365.0;-6922.5;2220.0;12530.0;55112.5;43587.5;53525.0;50905.0;55737.5;58365.0;43077.5;52220.0;62530.0
2023-03-10;0.0;190.0;0.0;0.0;0.0;-570.0;127.5;0.0;-252.5;5112.5;-6222.5;3525.0;905.0;5737.5;7795.0;-6795.0;2220.0;12277.5;55112.5;43777.5;53525.0;50905.0;55737.5;57795.0;43205.0;52220.0;62277.5
2023-03-13;0.0;277.5;0.0;0.0;0.0;-285.0;590.0;0.0;582.5;5112.5;-5945.0;3525.0;905.0;5737.5;7510.0;-6205.0;2220.0;12860.0;55112.5;44055.0;53525.0;50905.0;55737.5;57510.0;43795.0;52220.0;62860.0
2023-03-14;0.0;-1620.0;0.0;0.0;0.0;-125.0;-1495.0;0.0;-3240.0;5112.5;-7565.0;3525.0;905.0;5737.5;7385.0;-7700.0;2220.0;9620.0;55112.5;42435.0;53525.0;50905.0;55737.5;57385.0;42300.0;52220.0;59620.0
2023-03-15;0.0;760.0;0.0;0.0;0.0;447.5;1135.0;0.0;2342.5;5112.5;-6805.0;3525.0;905.0;5737.5;7832.5;-6565.0;2220.0;11962.5;55112.5;43195.0;53525.0;50905.0;55737.5;57832.5;43435.0;52220.0;61962.5
2023-03-16;0.0;595.0;0.0;0.0;0.0;345.0;345.0;0.0;1285.0;5112.5;-6210.0;3525.0;905.0;5737.5;8177.5;-6220.0;2220.0;13247.5;55112.5;43790.0;53525.0;50905.0;55737.5;58177.5;43780.0;52220.0;63247.5
2023-03-17;0.0;142.5;0.0;0.0;0.0;-45.0;517.5;0.0;615.0;5112.5;-6067.5;3525.0;905.0;5737.5;8132.5;-5702.5;2220.0;13862.5;55112.5;43932.5;53525.0;50905.0;55737.5;58132.5;44297.5;52220.0;63862.5
2023-03-20;0.0;47.5;0.0;0.0;0.0;-15.0;-390.0;0.0;-357.5;5112.5;-6020.0;3525.0;905.0;5737.5;8117.5;-6092.5;2220.0;13505.0;55112.5;43980.0;53525.0;50905.0;55737.5;58117.5;43907.5;52220.0;63505.0
2023-03-21;0.0;127.5;0.0;0.0;0.0;65.0;190.0;0.0;382.5;5112.5;-5892.5;3525.0;905.0;5737.5;8182.5;-5902.5;2220.0;13887.5;55112.5;44107.5;53525.0;50905.0;55737.5;58182.5;44097.5;52220.0;63887.5
2023-03-22;0.0;230.0;0.0;0.0;0.0;105.0;167.5;0.0;502.5;5112.5;-5662.5;3525.0;905.0;5737.5;8287.5;-5735.0;2220.0;14390.0;55112.5;44337.5;53525.0;50905.0;55737.5;58287.5;44265.0;52220.0;64390.0
2023-03-23;0.0;547.5;0.0;0.0;0.0;360.0;735.0;0.0;1642.5;5112.5;-5115.0;3525.0;905.0;5737.5;8647.5;-5000.0;2220.0;16032.5;55112.5;44885.0;53525.0;50905.0;55737.5;58647.5;45000.0;52220.0;66032.5
2023-03-24;0.0;412.5;0.0;0.0;0.0;225.0;100.0;0.0;737.5;5112.5;-4702.5;3525.0;905.0;5737.5;8872.5;-4900.0;2220.0;16770.0;55112.5;45297.5;53525.0;50905.0;55737.5;58872.5;45100.0;52220.0;66770.0
2023-03-27;0.0;-40.0;0.0;0.0;0.0;585.0;257.5;0.0;802.5;5112.5;-4742.5;3525.0;905.0;5737.5;9457.5;-4642.5;2220.0;17572.5;55112.5;45257.5;53525.0;50905.0;55737.5;59457.5;45357.5;52220.0;67572.5
2023-03-28;0.0;-452.5;0.0;0.0;0.0;-15.0;-390.0;0.0;-857.5;5112.5;-5195.0;3525.0;905.0;5737.5;9442.5;-5032.5;2220.0;16715.0;55112.5;44805.0;53525.0;50905.0;55737.5;59442.5;44967.5;52220.0;66715.0
2023-03-29;0.0;-90.0;0.0;0.0;0.0;-90.0;-327.5;0.0;-507.5;5112.5;-5285.0;3525.0;905.0;5737.5;9352.5;-5360.0;2220.0;16207.5;55112.5;44715.0;53525.0;50905.0;55737.5;59352.5;44640.0;52220.0;66207.5
2023-03-30;0.0;-102.5;0.0;0.0;0.0;360.0;-40.0;0.0;217.5;5112.5;-5387.5;3525.0;905.0;5737.5;9712.5;-5400.0;2220.0;16425.0;55112.5;44612.5;53525.0;50905.0;55737.5;59712.5;44600.0;52220.0;66425.0
2023-03-31;0.0;322.5;0.0;0.0;0.0;360.0;447.5;0.0;1130.0;5112.5;-5065.0;3525.0;905.0;5737.5;10072.5;-4952.5;2220.0;17555.0;55112.5;44935.0;53525.0;50905.0;55737.5;60072.5;45047.5;52220.0;67555.0
2023-04-03;0.0;210.0;0.0;0.0;0.0;480.0;185.0;0.0;875.0;5112.5;-4855.0;3525.0;905.0;5737.5;10552.5;-4767.5;2220.0;18430.0;55112.5;45145.0;53525.0;50905.0;55737.5;60552.5;45232.5;52220.0;68430.0
2023-04-04;0.0;-340.0;0.0;0.0;0.0;-390.0;-277.5;0.0;-1007.5;5112.5;-5195.0;3525.0;905.0;5737.5;10162.5;-5045.0;2220.0;17422.5;55112.5;44805.0;53525.0;50905.0;55737.5;60162.5;44955.0;52220.0;67422.5
2023-04-05;0.0;530.0;0.0;0.0;0.0;105.0;717.5;0.0;1352.5;5112.5;-4665.0;3525.0;905.0;5737.5;10267.5;-4327.5;2220.0;18775.0;55112.5;45335.0;53525.0;50905.0;55737.5;60267.5;45672.5;52220.0;68775.0
2023-04-06;0.0;182.5;0.0;0.0;0.0;120.0;245.0;0.0;547.5;5112.5;-4482.5;3525.0;905.0;5737.5;10387.5;-4082.5;2220.0;19322.5;55112.5;45517.5;53525.0;50905.0;55737.5;60387.5;45917.5;52220.0;69322.5
2023-04-07;0.0;182.5;0.0;0.0;0.0;120.0;245.0;0.0;547.5;5112.5;-4300.0;3525.0;905.0;5737.5;10507.5;-3837.5;2220.0;19870.0;55112.5;45700.0;53525.0;50905.0;55737.5;60507.5;46162.5;52220.0;69870.0
2023-04-10;0.0;-192.5;0.0;0.0;0.0;-192.5;-192.5;0.0;-577.5;5112.5;-4492.5;3525.0;905.0;5737.5;10315.0;-4030.0;2220.0;19292.5;55112.5;45507.5;53525.0;50905.0;55737.5;60315.0;45970.0;52220.0;69292.5
2023-04-11;0.0;120.0;0.0;0.0;0.0;120.0;120.0;0.0;360.0;5112.5;-4372.5;3525.0;905.0;5737.5;10435.0;-3910.0;2220.0;19652.5;55112.5;45627.5;53525.0;50905.0;55737.5;60435.0;46090.0;52220.0;69652.5
2023-04-12;0.0;47.5;0.0;0.0;0.0;-15.0;172.5;0.0;205.0;5112.5;-4325.0;3525.0;905.0;5737.5;10420.0;-3737.5;2220.0;19857.5;55112.5;45675.0;53525.0;50905.0;55737.5;60420.0;46262.5;52220.0;69857.5
2023-04-13;0.0;-170.0;0.0;0.0;0.0;-232.5;-45.0;0.0;-447.5;5112.5;-4495.0;3525.0;905.0;5737.5;10187.5;-3782.5;2220.0;19410.0;55112.5;45505.0;53525.0;50905.0;55737.5;60187.5;46217.5;52220.0;69410.0
2023-04-14;0.0;-942.5;0.0;0.0;0.0;-535.0;-1442.5;0.0;-2920.0;5112.5;-5437.5;3525.0;905.0;5737.5;9652.5;-5225.0;2220.0;16490.0;55112.5;44562.5;53525.0;50905.0;55737.5;59652.5;44775.0;52220.0;66490.0
2023-04-17;0.0;230.0;0.0;0.0;0.0;105.0;117.5;0.0;452.5;5112.5;-5207.5;3525.0;905.0;5737.5;9757.5;-5107.5;2220.0;16942.5;55112.5;44792.5;53525.0;50905.0;55737.5;59757.5;44892.5;52220.0;66942.5
2023-04-18;0.0;365.0;0.0;0.0;0.0;240.0;245.0;0.0;850.0;5112.5;-4842.5;3525.0;905.0;5737.5;9997.5;-4862.5;2220.0;17792.5;55112.5;45157.5;53525.0;50905.0;55737.5;59997.5;45137.5;52220.0;67792.5
2023-04-19;0.0;115.0;0.0;0.0;0.0;52.5;177.5;0.0;345.0;5112.5;-4727.5;3525.0;905.0;5737.5;10050.0;-4685.0;2220.0;18137.5;55112.5;45272.5;53525.0;50905.0;55737.5;60050.0;45315.0;52220.0;68137.5
2023-04-20;0.0;10.0;0.0;0.0;0.0;-52.5;72.5;0.0;30.0;5112.5;-4717.5;3525.0;905.0;5737.5;9997.5;-4612.5;2220.0;18167.5;55112.5;45282.5;53525.0;50905.0;55737.5;59997.5;45387.5;52220.0;68167.5
2023-04-21;0.0;-765.0;0.0;0.0;0.0;-390.0;-765.0;0.0;-1920.0;5112.5;-5482.5;3525.0;905.0;5737.5;9607.5;-5377.5;2220.0;16247.5;55112.5;44517.5;53525.0;50905.0;55737.5;59607.5;44622.5;52220.0;66247.5
2023-04-25;0.0;230.0;0.0;0.0;0.0;105.0;292.5;0.0;627.5;5112.5;-5252.5;3525.0;905.0;5737.5;9712.5;-5085.0;2220.0;16875.0;55112.5;44747.5;53525.0;50905.0;55737.5;59712.5;44915.0;52220.0;66875.0
2023-04-26;0.0;-937.5;0.0;0.0;0.0;225.0;-1200.0;0.0;-1912.5;5112.5;-6190.0;3525.0;905.0;5737.5;9937.5;-6285.0;2220.0;14962.5;55112.5;43810.0;53525.0;50905.0;55737.5;59937.5;43715.0;52220.0;64962.5
2023-04-27;0.0;365.0;0.0;0.0;0.0;-135.0;490.0;0.0;720.0;5112.5;-5825.0;3525.0;905.0;5737.5;9802.5;-5795.0;2220.0;15682.5;55112.5;44175.0;53525.0;50905.0;55737.5;59802.5;44205.0;52220.0;65682.5
2023-04-28;0.0;595.0;0.0;0.0;0.0;345.0;670.0;0.0;1610.0;5112.5;-5230.0;3525.0;905.0;5737.5;10147.5;-5125.0;2220.0;17292.5;55112.5;44770.0;53525.0;50905.0;55737.5;60147.5;44875.0;52220.0;67292.5
2023-05-01;0.0;-317.5;0.0;0.0;0.0;-255.0;-317.5;0.0;-890.0;5112.5;-5547.5;3525.0;905.0;5737.5;9892.5;-5442.5;2220.0;16402.5;55112.5;44452.5;53525.0;50905.0;55737.5;59892.5;44557.5;52220.0;66402.5
2023-05-02;0.0;365.0;0.0;0.0;0.0;240.0;-272.5;0.0;332.5;5112.5;-5182.5;3525.0;905.0;5737.5;10132.5;-5715.0;2220.0;16735.0;55112.5;44817.5;53525.0;50905.0;55737.5;60132.5;44285.0;52220.0;66735.0
2023-05-03;0.0;-152.5;0.0;0.0;0.0;-152.5;-90.0;0.0;-395.0;5112.5;-5335.0;3525.0;905.0;5737.5;9980.0;-5805.0;2220.0;16340.0;55112.5;44665.0;53525.0;50905.0;55737.5;59980.0;44195.0;52220.0;66340.0
2023-05-04;0.0;1277.5;0.0;0.0;0.0;840.0;1715.0;0.0;3832.5;5112.5;-4057.5;3525.0;905.0;5737.5;10820.0;-4090.0;2220.0;20172.5;55112.5;45942.5;53525.0;50905.0;55737.5;60820.0;45910.0;52220.0;70172.5
2023-05-05;0.0;-535.0;0.0;0.0;0.0;-510.0;-535.0;0.0;-1580.0;5112.5;-4592.5;3525.0;905.0;5737.5;10310.0;-4625.0;2220.0;18592.5;55112.5;45407.5;53525.0;50905.0;55737.5;60310.0;45375.0;52220.0;68592.5
2023-05-08;0.0;365.0;0.0;0.0;0.0;240.0;490.0;0.0;1095.0;5112.5;-4227.5;3525.0;905.0;5737.5;10550.0;-4135.0;2220.0;19687.5;55112.5;45772.5;53525.0;50905.0;55737.5;60550.0;45865.0;52220.0;69687.5
2023-05-10;0.0;-1405.0;0.0;0.0;0.0;-1155.0;-1342.5;0.0;-3902.5;5112.5;-5632.5;3525.0;905.0;5737.5;9395.0;-5477.5;2220.0;15785.0;55112.5;44367.5;53525.0;50905.0;55737.5;59395.0;44522.5;52220.0;65785.0
2023-05-11;0.0;-405.0;0.0;0.0;0.0;-30.0;-462.5;0.0;-897.5;5112.5;-6037.5;3525.0;905.0;5737.5;9365.0;-5940.0;2220.0;14887.5;55112.5;43962.5;53525.0;50905.0;55737.5;59365.0;44060.0;52220.0;64887.5
2023-05-12;0.0;-907.5;0.0;0.0;0.0;-720.0;-907.5;0.0;-2535.0;5112.5;-6945.0;3525.0;905.0;5737.5;8645.0;-6847.5;2220.0;12352.5;55112.5;43055.0;53525.0;50905.0;55737.5;58645.0;43152.5;52220.0;62352.5
2023-05-15;0.0;47.5;0.0;0.0;0.0;-15.0;172.5;0.0;205.0;5112.5;-6897.5;3525.0;905.0;5737.5;8630.0;-6675.0;2220.0;12557.5;55112.5;43102.5;53525.0;50905.0;55737.5;58630.0;43325.0;52220.0;62557.5
2023-05-16;0.0;832.5;0.0;0.0;0.0;570.0;1082.5;0.0;2485.0;5112.5;-6065.0;3525.0;905.0;5737.5;9200.0;-5592.5;2220.0;15042.5;55112.5;43935.0;53525.0;50905.0;55737.5;59200.0;44407.5;52220.0;65042.5
2023-05-17;0.0;47.5;0.0;0.0;0.0;360.0;172.5;0.0;580.0;5112.5;-6017.5;3525.0;905.0;5737.5;9560.0;-5420.0;2220.0;15622.5;55112.5;43982.5;53525.0;50905.0;55737.5;59560.0;44580.0;52220.0;65622.5
2023-05-18;0.0;-87.5;0.0;0.0;0.0;-525.0;-125.0;0.0;-737.5;5112.5;-6105.0;3525.0;905.0;5737.5;9035.0;-5545.0;2220.0;14885.0;55112.5;43895.0;53525.0;50905.0;55737.5;59035.0;44455.0;52220.0;64885.0
2023-05-19;0.0;-317.5;0.0;0.0;0.0;-255.0;-317.5;0.0;-890.0;5112.5;-6422.5;3525.0;905.0;5737.5;8780.0;-5862.5;2220.0;13995.0;55112.5;43577.5;53525.0;50905.0;55737.5;58780.0;44137.5;52220.0;63995.0
2023-05-22;0.0;365.0;0.0;0.0;0.0;240.0;490.0;0.0;1095.0;5112.5;-6057.5;3525.0;905.0;5737.5;9020.0;-5372.5;2220.0;15090.0;55112.5;43942.5;53525.0;50905.0;55737.5;59020.0;44627.5;52220.0;65090.0
2023-05-23;0.0;970.0;0.0;0.0;0.0;720.0;1037.5;0.0;2727.5;5112.5;-5087.5;3525.0;905.0;5737.5;9740.0;-4335.0;2220.0;17817.5;55112.5;44912.5;53525.0;50905.0;55737.5;59740.0;45665.0;52220.0;67817.5
2023-05-24;0.0;-317.5;0.0;0.0;0.0;-255.0;-317.5;0.0;-890.0;5112.5;-5405.0;3525.0;905.0;5737.5;9485.0;-4652.5;2220.0;16927.5;55112.5;44595.0;53525.0;50905.0;55737.5;59485.0;45347.5;52220.0;66927.5
2023-05-25;0.0;-770.0;0.0;0.0;0.0;-270.0;-707.5;0.0;-1747.5;5112.5;-6175.0;3525.0;905.0;5737.5;9215.0;-5360.0;2220.0;15180.0;55112.5;43825.0;53525.0;50905.0;55737.5;59215.0;44640.0;52220.0;65180.0
2023-05-26;0.0;-587.5;0.0;0.0;0.0;-150.0;-462.5;0.0;-1200.0;5112.5;-6762.5;3525.0;905.0;5737.5;9065.0;-5822.5;2220.0;13980.0;55112.5;43237.5;53525.0;50905.0;55737.5;59065.0;44177.5;52220.0;63980.0
2023-05-30;0.0;-405.0;0.0;0.0;0.0;-285.0;-217.5;0.0;-907.5;5112.5;-7167.5;3525.0;905.0;5737.5;8780.0;-6040.0;2220.0;13072.5;55112.5;42832.5;53525.0;50905.0;55737.5;58780.0;43960.0;52220.0;63072.5
2023-05-31;0.0;-405.0;0.0;0.0;0.0;-405.0;-342.5;0.0;-1152.5;5112.5;-7572.5;3525.0;905.0;5737.5;8375.0;-6382.5;2220.0;11920.0;55112.5;42427.5;53525.0;50905.0;55737.5;58375.0;43617.5;52220.0;61920.0
2023-06-01;0.0;547.5;0.0;0.0;0.0;-390.0;697.5;0.0;855.0;5112.5;-7025.0;3525.0;905.0;5737.5;7985.0;-5685.0;2220.0;12775.0;55112.5;42975.0;53525.0;50905.0;55737.5;57985.0;44315.0;52220.0;62775.0
2023-06-02;0.0;140.0;0.0;0.0;0.0;-135.0;202.5;0.0;207.5;5112.5;-6885.0;3525.0;905.0;5737.5;7850.0;-5482.5;2220.0;12982.5;55112.5;43115.0;53525.0;50905.0;55737.5;57850.0;44517.5;52220.0;62982.5
2023-06-05;0.0;-115.0;0.0;0.0;0.0;260.0;-52.5;0.0;92.5;5112.5;-7000.0;3525.0;905.0;5737.5;8110.0;-5535.0;2220.0;13075.0;55112.5;43000.0;53525.0;50905.0;55737.5;58110.0;44465.0;52220.0;63075.0
2023-06-06;0.0;-497.5;0.0;0.0;0.0;-435.0;-497.5;0.0;-1430.0;5112.5;-7497.5;3525.0;905.0;5737.5;7675.0;-6032.5;2220.0;11645.0;55112.5;42502.5;53525.0;50905.0;55737.5;57675.0;43967.5;52220.0;61645.0
2023-06-07;0.0;730.0;0.0;0.0;0.0;480.0;980.0;0.0;2190.0;5112.5;-6767.5;3525.0;905.0;5737.5;8155.0;-5052.5;2220.0;13835.0;55112.5;43232.5;53525.0;50905.0;55737.5;58155.0;44947.5;52220.0;63835.0
2023-06-08;0.0;185.0;0.0;0.0;0.0;60.0;97.5;0.0;342.5;5112.5;-6582.5;3525.0;905.0;5737.5;8215.0;-4955.0;2220.0;14177.5;55112.5;43417.5;53525.0;50905.0;55737.5;58215.0;45045.0;52220.0;64177.5
2023-06-09;0.0;365.0;0.0;0.0;0.0;-135.0;65.0;0.0;295.0;5112.5;-6217.5;3525.0;905.0;5737.5;8080.0;-4890.0;2220.0;14472.5;55112.5;43782.5;53525.0;50905.0;55737.5;58080.0;45110.0;52220.0;64472.5
2023-06-12;0.0;25.0;0.0;0.0;0.0;-30.0;-170.0;0.0;-175.0;5112.5;-6192.5;3525.0;905.0;5737.5;8050.0;-5060.0;2220.0;14297.5;55112.5;43807.5;53525.0;50905.0;55737.5;58050.0;44940.0;52220.0;64297.5
2023-06-13;0.0;365.0;0.0;0.0;0.0;-135.0;490.0;0.0;720.0;5112.5;-5827.5;3525.0;905.0;5737.5;7915.0;-4570.0;2220.0;15017.5;55112.5;44172.5;53525.0;50905.0;55737.5;57915.0;45430.0;52220.0;65017.5
2023-06-14;0.0;177.5;0.0;0.0;0.0;115.0;152.5;0.0;445.0;5112.5;-5650.0;3525.0;905.0;5737.5;8030.0;-4417.5;2220.0;15462.5;55112.5;44350.0;53525.0;50905.0;55737.5;58030.0;45582.5;52220.0;65462.5
2023-06-15;0.0;365.0;0.0;0.0;0.0;240.0;290.0;0.0;895.0;5112.5;-5285.0;3525.0;905.0;5737.5;8270.0;-4127.5;2220.0;16357.5;55112.5;44715.0;53525.0;50905.0;55737.5;58270.0;45872.5;52220.0;66357.5
2023-06-16;0.0;412.5;0.0;0.0;0.0;345.0;662.5;0.0;1420.0;5112.5;-4872.5;3525.0;905.0;5737.5;8615.0;-3465.0;2220.0;17777.5;55112.5;45127.5;53525.0;50905.0;55737.5;58615.0;46535.0;52220.0;67777.5
2023-06-20;0.0;230.0;0.0;0.0;0.0;105.0;417.5;0.0;752.5;5112.5;-4642.5;3525.0;905.0;5737.5;8720.0;-3047.5;2220.0;18530.0;55112.5;45357.5;53525.0;50905.0;55737.5;58720.0;46952.5;52220.0;68530.0
2023-06-21;0.0;422.5;0.0;0.0;0.0;360.0;-15.0;0.0;767.5;5112.5;-4220.0;3525.0;905.0;5737.5;9080.0;-3062.5;2220.0;19297.5;55112.5;45780.0;53525.0;50905.0;55737.5;59080.0;46937.5;52220.0;69297.5
2023-06-22;0.0;182.5;0.0;0.0;0.0;120.0;245.0;0.0;547.5;5112.5;-4037.5;3525.0;905.0;5737.5;9200.0;-2817.5;2220.0;19845.0;55112.5;45962.5;53525.0;50905.0;55737.5;59200.0;47182.5;52220.0;69845.0
2023-06-23;0.0;-135.0;0.0;0.0;0.0;-135.0;-422.5;0.0;-692.5;5112.5;-4172.5;3525.0;905.0;5737.5;9065.0;-3240.0;2220.0;19152.5;55112.5;45827.5;53525.0;50905.0;55737.5;59065.0;46760.0;52220.0;69152.5
2023-06-26;0.0;-317.5;0.0;0.0;0.0;-135.0;-317.5;0.0;-770.0;5112.5;-4490.0;3525.0;905.0;5737.5;8930.0;-3557.5;2220.0;18382.5;55112.5;45510.0;53525.0;50905.0;55737.5;58930.0;46442.5;52220.0;68382.5
2023-06-27;0.0;-372.5;0.0;0.0;0.0;-310.0;-372.5;0.0;-1055.0;5112.5;-4862.5;3525.0;905.0;5737.5;8620.0;-3930.0;2220.0;17327.5;55112.5;45137.5;53525.0;50905.0;55737.5;58620.0;46070.0;52220.0;67327.5
2023-06-28;0.0;137.5;0.0;0.0;0.0;12.5;75.0;0.0;225.0;5112.5;-4725.0;3525.0;905.0;5737.5;8632.5;-3855.0;2220.0;17552.5;55112.5;45275.0;53525.0;50905.0;55737.5;58632.5;46145.0;52220.0;67552.5
2023-06-29;0.0;530.0;0.0;0.0;0.0;342.5;472.5;0.0;1345.0;5112.5;-4195.0;3525.0;905.0;5737.5;8975.0;-3382.5;2220.0;18897.5;55112.5;45805.0;53525.0;50905.0;55737.5;58975.0;46617.5;52220.0;68897.5
2023-06-30;0.0;230.0;0.0;0.0;0.0;105.0;355.0;0.0;690.0;5112.5;-3965.0;3525.0;905.0;5737.5;9080.0;-3027.5;2220.0;19587.5;55112.5;46035.0;53525.0;50905.0;55737.5;59080.0;46972.5;52220.0;69587.5
2023-07-03;0.0;-117.5;0.0;0.0;0.0;-117.5;-117.5;0.0;-352.5;5112.5;-4082.5;3525.0;905.0;5737.5;8962.5;-3145.0;2220.0;19235.0;55112.5;45917.5;53525.0;50905.0;55737.5;58962.5;46855.0;52220.0;69235.0
2023-07-06;0.0;297.5;0.0;0.0;0.0;105.0;122.5;0.0;525.0;5112.5;-3785.0;3525.0;905.0;5737.5;9067.5;-3022.5;2220.0;19760.0;55112.5;46215.0;53525.0;50905.0;55737.5;59067.5;46977.5;52220.0;69760.0
2023-07-07;0.0;-135.0;0.0;0.0;0.0;-135.0;-72.5;0.0;-342.5;5112.5;-3920.0;3525.0;905.0;5737.5;8932.5;-3095.0;2220.0;19417.5;55112.5;46080.0;53525.0;50905.0;55737.5;58932.5;46905.0;52220.0;69417.5
2023-07-10;0.0;-452.5;0.0;0.0;0.0;-15.0;-390.0;0.0;-857.5;5112.5;-4372.5;3525.0;905.0;5737.5;8917.5;-3485.0;2220.0;18560.0;55112.5;45627.5;53525.0;50905.0;55737.5;58917.5;46515.0;52220.0;68560.0
2023-07-11;0.0;-422.5;0.0;0.0;0.0;-360.0;-422.5;0.0;-1205.0;5112.5;-4795.0;3525.0;905.0;5737.5;8557.5;-3907.5;2220.0;17355.0;55112.5;45205.0;53525.0;50905.0;55737.5;58557.5;46092.5;52220.0;67355.0
2023-07-12;0.0;-190.0;0.0;0.0;0.0;-190.0;-127.5;0.0;-507.5;5112.5;-4985.0;3525.0;905.0;5737.5;8367.5;-4035.0;2220.0;16847.5;55112.5;45015.0;53525.0;50905.0;55737.5;58367.5;45965.0;52220.0;66847.5
2023-07-13;0.0;0.0;0.0;0.0;0.0;120.0;0.0;0.0;120.0;5112.5;-4985.0;3525.0;905.0;5737.5;8487.5;-4035.0;2220.0;16967.5;55112.5;45015.0;53525.0;50905.0;55737.5;58487.5;45965.0;52220.0;66967.5
2023-07-17;0.0;-317.5;0.0;0.0;0.0;120.0;-317.5;0.0;-515.0;5112.5;-5302.5;3525.0;905.0;5737.5;8607.5;-4352.5;2220.0;16452.5;55112.5;44697.5;53525.0;50905.0;55737.5;58607.5;45647.5;52220.0;66452.5
2023-07-18;0.0;190.0;0.0;0.0;0.0;240.0;190.0;0.0;620.0;5112.5;-5112.5;3525.0;905.0;5737.5;8847.5;-4162.5;2220.0;17072.5;55112.5;44887.5;53525.0;50905.0;55737.5;58847.5;45837.5;52220.0;67072.5
2023-07-19;0.0;342.5;0.0;0.0;0.0;337.5;380.0;0.0;1060.0;5112.5;-4770.0;3525.0;905.0;5737.5;9185.0;-3782.5;2220.0;18132.5;55112.5;45230.0;53525.0;50905.0;55737.5;59185.0;46217.5;52220.0;68132.5
2023-07-20;0.0;-135.0;0.0;0.0;0.0;-135.0;-72.5;0.0;-342.5;5112.5;-4905.0;3525.0;905.0;5737.5;9050.0;-3855.0;2220.0;17790.0;55112.5;45095.0;53525.0;50905.0;55737.5;59050.0;46145.0;52220.0;67790.0
2023-07-21;0.0;-57.5;0.0;0.0;0.0;-120.0;-182.5;0.0;-360.0;5112.5;-4962.5;3525.0;905.0;5737.5;8930.0;-4037.5;2220.0;17430.0;55112.5;45037.5;53525.0;50905.0;55737.5;58930.0;45962.5;52220.0;67430.0
2023-07-24;0.0;-317.5;0.0;0.0;0.0;-255.0;-317.5;0.0;-890.0;5112.5;-5280.0;3525.0;905.0;5737.5;8675.0;-4355.0;2220.0;16540.0;55112.5;44720.0;53525.0;50905.0;55737.5;58675.0;45645.0;52220.0;66540.0
2023-07-26;0.0;-135.0;0.0;0.0;0.0;-135.0;-72.5;0.0;-342.5;5112.5;-5415.0;3525.0;905.0;5737.5;8540.0;-4427.5;2220.0;16197.5;55112.5;44585.0;53525.0;50905.0;55737.5;58540.0;45572.5;52220.0;66197.5
2023-07-28;0.0;-552.5;0.0;0.0;0.0;-490.0;-552.5;0.0;-1595.0;5112.5;-5967.5;3525.0;905.0;5737.5;8050.0;-4980.0;2220.0;14602.5;55112.5;44032.5;53525.0;50905.0;55737.5;58050.0;45020.0;52220.0;64602.5
2023-07-31;0.0;185.0;0.0;0.0;0.0;235.0;247.5;0.0;667.5;5112.5;-5782.5;3525.0;905.0;5737.5;8285.0;-4732.5;2220.0;15270.0;55112.5;44217.5;53525.0;50905.0;55737.5;58285.0;45267.5;52220.0;65270.0
2023-08-01;0.0;152.5;0.0;0.0;0.0;-15.0;215.0;0.0;352.5;5112.5;-5630.0;3525.0;905.0;5737.5;8270.0;-4517.5;2220.0;15622.5;55112.5;44370.0;53525.0;50905.0;55737.5;58270.0;45482.5;52220.0;65622.5
2023-08-02;0.0;365.0;0.0;0.0;0.0;240.0;452.5;0.0;1057.5;5112.5;-5265.0;3525.0;905.0;5737.5;8510.0;-4065.0;2220.0;16680.0;55112.5;44735.0;53525.0;50905.0;55737.5;58510.0;45935.0;52220.0;66680.0
2023-08-03;0.0;95.0;0.0;0.0;0.0;-30.0;282.5;0.0;347.5;5112.5;-5170.0;3525.0;905.0;5737.5;8480.0;-3782.5;2220.0;17027.5;55112.5;44830.0;53525.0;50905.0;55737.5;58480.0;46217.5;52220.0;67027.5
2023-08-04;0.0;627.5;0.0;0.0;0.0;377.5;940.0;0.0;1945.0;5112.5;-4542.5;3525.0;905.0;5737.5;8857.5;-2842.5;2220.0;18972.5;55112.5;45457.5;53525.0;50905.0;55737.5;58857.5;47157.5;52220.0;68972.5
2023-08-07;0.0;247.5;0.0;0.0;0.0;122.5;-90.0;0.0;280.0;5112.5;-4295.0;3525.0;905.0;5737.5;8980.0;-2932.5;2220.0;19252.5;55112.5;45705.0;53525.0;50905.0;55737.5;58980.0;47067.5;52220.0;69252.5
2023-08-08;0.0;642.5;0.0;0.0;0.0;105.0;542.5;0.0;1290.0;5112.5;-3652.5;3525.0;905.0;5737.5;9085.0;-2390.0;2220.0;20542.5;55112.5;46347.5;53525.0;50905.0;55737.5;59085.0;47610.0;52220.0;70542.5
2023-08-09;0.0;47.5;0.0;0.0;0.0;-390.0;172.5;0.0;-170.0;5112.5;-3605.0;3525.0;905.0;5737.5;8695.0;-2217.5;2220.0;20372.5;55112.5;46395.0;53525.0;50905.0;55737.5;58695.0;47782.5;52220.0;70372.5
2023-08-10;0.0;-705.0;0.0;0.0;0.0;-267.5;-580.0;0.0;-1552.5;5112.5;-4310.0;3525.0;905.0;5737.5;8427.5;-2797.5;2220.0;18820.0;55112.5;45690.0;53525.0;50905.0;55737.5;58427.5;47202.5;52220.0;68820.0
2023-08-11;0.0;337.5;0.0;0.0;0.0;-525.0;280.0;0.0;92.5;5112.5;-3972.5;3525.0;905.0;5737.5;7902.5;-2517.5;2220.0;18912.5;55112.5;46027.5;53525.0;50905.0;55737.5;57902.5;47482.5;52220.0;68912.5
2023-08-14;0.0;80.0;0.0;0.0;0.0;-150.0;130.0;0.0;60.0;5112.5;-3892.5;3525.0;905.0;5737.5;7752.5;-2387.5;2220.0;18972.5;55112.5;46107.5;53525.0;50905.0;55737.5;57752.5;47612.5;52220.0;68972.5
2023-08-15;0.0;1052.5;0.0;0.0;0.0;715.0;1170.0;0.0;2937.5;5112.5;-2840.0;3525.0;905.0;5737.5;8467.5;-1217.5;2220.0;21910.0;55112.5;47160.0;53525.0;50905.0;55737.5;58467.5;48782.5;52220.0;71910.0
2023-08-16;0.0;365.0;0.0;0.0;0.0;240.0;490.0;0.0;1095.0;5112.5;-2475.0;3525.0;905.0;5737.5;8707.5;-727.5;2220.0;23005.0;55112.5;47525.0;53525.0;50905.0;55737.5;58707.5;49272.5;52220.0;73005.0
2023-08-17;0.0;-497.5;0.0;0.0;0.0;-390.0;-497.5;0.0;-1385.0;5112.5;-2972.5;3525.0;905.0;5737.5;8317.5;-1225.0;2220.0;21620.0;55112.5;47027.5;53525.0;50905.0;55737.5;58317.5;48775.0;52220.0;71620.0
2023-08-18;0.0;1095.0;0.0;0.0;0.0;720.0;837.5;0.0;2652.5;5112.5;-1877.5;3525.0;905.0;5737.5;9037.5;-387.5;2220.0;24272.5;55112.5;48122.5;53525.0;50905.0;55737.5;59037.5;49612.5;52220.0;74272.5
2023-08-21;0.0;47.5;0.0;0.0;0.0;360.0;172.5;0.0;580.0;5112.5;-1830.0;3525.0;905.0;5737.5;9397.5;-215.0;2220.0;24852.5;55112.5;48170.0;53525.0;50905.0;55737.5;59397.5;49785.0;52220.0;74852.5
2023-08-22;0.0;95.0;0.0;0.0;0.0;-30.0;-217.5;0.0;-152.5;5112.5;-1735.0;3525.0;905.0;5737.5;9367.5;-432.5;2220.0;24700.0;55112.5;48265.0;53525.0;50905.0;55737.5;59367.5;49567.5;52220.0;74700.0
2023-08-23;0.0;182.5;0.0;0.0;0.0;120.0;245.0;0.0;547.5;5112.5;-1552.5;3525.0;905.0;5737.5;9487.5;-187.5;2220.0;25247.5;55112.5;48447.5;53525.0;50905.0;55737.5;59487.5;49812.5;52220.0;75247.5
2023-08-24;0.0;47.5;0.0;0.0;0.0;-15.0;-635.0;0.0;-602.5;5112.5;-1505.0;3525.0;905.0;5737.5;9472.5;-822.5;2220.0;24645.0;55112.5;48495.0;53525.0;50905.0;55737.5;59472.5;49177.5;52220.0;74645.0
2023-08-25;0.0;-87.5;0.0;0.0;0.0;-525.0;100.0;0.0;-512.5;5112.5;-1592.5;3525.0;905.0;5737.5;8947.5;-722.5;2220.0;24132.5;55112.5;48407.5;53525.0;50905.0;55737.5;58947.5;49277.5;52220.0;74132.5
2023-08-28;0.0;365.0;0.0;0.0;0.0;240.0;490.0;0.0;1095.0;5112.5;-1227.5;3525.0;905.0;5737.5;9187.5;-232.5;2220.0;25227.5;55112.5;48772.5;53525.0;50905.0;55737.5;59187.5;49767.5;52220.0;75227.5
2023-08-29;0.0;322.5;0.0;0.0;0.0;197.5;-115.0;0.0;405.0;5112.5;-905.0;3525.0;905.0;5737.5;9385.0;-347.5;2220.0;25632.5;55112.5;49095.0;53525.0;50905.0;55737.5;59385.0;49652.5;52220.0;75632.5
2023-08-30;0.0;72.5;0.0;0.0;0.0;-15.0;135.0;0.0;192.5;5112.5;-832.5;3525.0;905.0;5737.5;9370.0;-212.5;2220.0;25825.0;55112.5;49167.5;53525.0;50905.0;55737.5;59370.0;49787.5;52220.0;75825.0
2023-08-31;0.0;437.5;0.0;0.0;0.0;250.0;437.5;0.0;1125.0;5112.5;-395.0;3525.0;905.0;5737.5;9620.0;225.0;2220.0;26950.0;55112.5;49605.0;53525.0;50905.0;55737.5;59620.0;50225.0;52220.0;76950.0
2023-09-01;0.0;230.0;0.0;0.0;0.0;105.0;-690.0;0.0;-355.0;5112.5;-165.0;3525.0;905.0;5737.5;9725.0;-465.0;2220.0;26595.0;55112.5;49835.0;53525.0;50905.0;55737.5;59725.0;49535.0;52220.0;76595.0
2023-09-05;0.0;47.5;0.0;0.0;0.0;-390.0;-277.5;0.0;-620.0;5112.5;-117.5;3525.0;905.0;5737.5;9335.0;-742.5;2220.0;25975.0;55112.5;49882.5;53525.0;50905.0;55737.5;59335.0;49257.5;52220.0;75975.0
2023-09-06;0.0;182.5;0.0;0.0;0.0;120.0;245.0;0.0;547.5;5112.5;65.0;3525.0;905.0;5737.5;9455.0;-497.5;2220.0;26522.5;55112.5;50065.0;53525.0;50905.0;55737.5;59455.0;49502.5;52220.0;76522.5
2023-09-07;0.0;-82.5;0.0;0.0;0.0;105.0;-152.5;0.0;-130.0;5112.5;-17.5;3525.0;905.0;5737.5;9560.0;-650.0;2220.0;26392.5;55112.5;49982.5;53525.0;50905.0;55737.5;59560.0;49350.0;52220.0;76392.5
2023-09-08;0.0;365.0;0.0;0.0;0.0;240.0;490.0;0.0;1095.0;5112.5;347.5;3525.0;905.0;5737.5;9800.0;-160.0;2220.0;27487.5;55112.5;50347.5;53525.0;50905.0;55737.5;59800.0;49840.0;52220.0;77487.5
2023-09-11;0.0;182.5;0.0;0.0;0.0;120.0;245.0;0.0;547.5;5112.5;530.0;3525.0;905.0;5737.5;9920.0;85.0;2220.0;28035.0;55112.5;50530.0;53525.0;50905.0;55737.5;59920.0;50085.0;52220.0;78035.0
2023-09-12;0.0;-635.0;0.0;0.0;0.0;-510.0;-635.0;0.0;-1780.0;5112.5;-105.0;3525.0;905.0;5737.5;9410.0;-550.0;2220.0;26255.0;55112.5;49895.0;53525.0;50905.0;55737.5;59410.0;49450.0;52220.0;76255.0
2023-09-13;0.0;367.5;0.0;0.0;0.0;480.0;555.0;0.0;1402.5;5112.5;262.5;3525.0;905.0;5737.5;9890.0;5.0;2220.0;27657.5;55112.5;50262.5;53525.0;50905.0;55737.5;59890.0;50005.0;52220.0;77657.5
2023-09-14;0.0;-135.0;0.0;0.0;0.0;-135.0;-72.5;0.0;-342.5;5112.5;127.5;3525.0;905.0;5737.5;9755.0;-67.5;2220.0;27315.0;55112.5;50127.5;53525.0;50905.0;55737.5;59755.0;49932.5;52220.0;77315.0
2023-09-15;0.0;680.0;0.0;0.0;0.0;480.0;867.5;0.0;2027.5;5112.5;807.5;3525.0;905.0;5737.5;10235.0;800.0;2220.0;29342.5;55112.5;50807.5;53525.0;50905.0;55737.5;60235.0;50800.0;52220.0;79342.5
2023-09-18;0.0;365.0;0.0;0.0;0.0;240.0;490.0;0.0;1095.0;5112.5;1172.5;3525.0;905.0;5737.5;10475.0;1290.0;2220.0;30437.5;55112.5;51172.5;53525.0;50905.0;55737.5;60475.0;51290.0;52220.0;80437.5
2023-09-19;0.0;-407.5;0.0;0.0;0.0;405.0;-345.0;0.0;-347.5;5112.5;765.0;3525.0;905.0;5737.5;10880.0;945.0;2220.0;30090.0;55112.5;50765.0;53525.0;50905.0;55737.5;60880.0;50945.0;52220.0;80090.0
2023-09-20;0.0;117.5;0.0;0.0;0.0;55.0;242.5;0.0;415.0;5112.5;882.5;3525.0;905.0;5737.5;10935.0;1187.5;2220.0;30505.0;55112.5;50882.5;53525.0;50905.0;55737.5;60935.0;51187.5;52220.0;80505.0
2023-09-21;0.0;430.0;0.0;0.0;0.0;242.5;55.0;0.0;727.5;5112.5;1312.5;3525.0;905.0;5737.5;11177.5;1242.5;2220.0;31232.5;55112.5;51312.5;53525.0;50905.0;55737.5;61177.5;51242.5;52220.0;81232.5
2023-09-22;0.0;130.0;0.0;0.0;0.0;-270.0;255.0;0.0;115.0;5112.5;1442.5;3525.0;905.0;5737.5;10907.5;1497.5;2220.0;31347.5;55112.5;51442.5;53525.0;50905.0;55737.5;60907.5;51497.5;52220.0;81347.5
2023-09-25;0.0;277.5;0.0;0.0;0.0;465.0;907.5;0.0;1650.0;5112.5;1720.0;3525.0;905.0;5737.5;11372.5;2405.0;2220.0;32997.5;55112.5;51720.0;53525.0;50905.0;55737.5;61372.5;52405.0;52220.0;82997.5
2023-09-26;0.0;-292.5;0.0;0.0;0.0;-285.0;-105.0;0.0;-682.5;5112.5;1427.5;3525.0;905.0;5737.5;11087.5;2300.0;2220.0;32315.0;55112.5;51427.5;53525.0;50905.0;55737.5;61087.5;52300.0;52220.0;82315.0
2023-09-27;0.0;-270.0;0.0;0.0;0.0;-645.0;-470.0;0.0;-1385.0;5112.5;1157.5;3525.0;905.0;5737.5;10442.5;1830.0;2220.0;30930.0;55112.5;51157.5;53525.0;50905.0;55737.5;60442.5;51830.0;52220.0;80930.0
2023-09-28;0.0;95.0;0.0;0.0;0.0;-30.0;345.0;0.0;410.0;5112.5;1252.5;3525.0;905.0;5737.5;10412.5;2175.0;2220.0;31340.0;55112.5;51252.5;53525.0;50905.0;55737.5;60412.5;52175.0;52220.0;81340.0
